season,year,doy,date,et,type,treat
Cana-Planta,2012,288,10/14/2012,3.21,eto,ref
Cana-Planta,2012,289,10/15/2012,3.99,eto,ref
Cana-Planta,2012,290,10/16/2012,3.2,eto,ref
Cana-Planta,2012,291,10/17/2012,2.5,eto,ref
Cana-Planta,2012,292,10/18/2012,4.7,eto,ref
Cana-Planta,2012,293,10/19/2012,4.17,eto,ref
Cana-Planta,2012,294,10/20/2012,3.98,eto,ref
Cana-Planta,2012,295,10/21/2012,4.29,eto,ref
Cana-Planta,2012,296,10/22/2012,5.36,eto,ref
Cana-Planta,2012,297,10/23/2012,1.86,eto,ref
Cana-Planta,2012,298,10/24/2012,3.94,eto,ref
Cana-Planta,2012,299,10/25/2012,4.75,eto,ref
Cana-Planta,2012,300,10/26/2012,3.96,eto,ref
Cana-Planta,2012,301,10/27/2012,4.28,eto,ref
Cana-Planta,2012,302,10/28/2012,5.03,eto,ref
Cana-Planta,2012,303,10/29/2012,5.54,eto,ref
Cana-Planta,2012,304,10/30/2012,5.69,eto,ref
Cana-Planta,2012,305,10/31/2012,6.11,eto,ref
Cana-Planta,2012,306,11/1/2012,4.63,eto,ref
Cana-Planta,2012,307,11/2/2012,4.45,eto,ref
Cana-Planta,2012,308,11/3/2012,2.94,eto,ref
Cana-Planta,2012,309,11/4/2012,4.57,eto,ref
Cana-Planta,2012,310,11/5/2012,4.61,eto,ref
Cana-Planta,2012,311,11/6/2012,4.46,eto,ref
Cana-Planta,2012,312,11/7/2012,3.69,eto,ref
Cana-Planta,2012,313,11/8/2012,2.05,eto,ref
Cana-Planta,2012,314,11/9/2012,0.87,eto,ref
Cana-Planta,2012,315,11/10/2012,4.07,eto,ref
Cana-Planta,2012,316,11/11/2012,5,eto,ref
Cana-Planta,2012,317,11/12/2012,3.18,eto,ref
Cana-Planta,2012,318,11/13/2012,1.72,eto,ref
Cana-Planta,2012,319,11/14/2012,3.24,eto,ref
Cana-Planta,2012,320,11/15/2012,3.33,eto,ref
Cana-Planta,2012,321,11/16/2012,4.59,eto,ref
Cana-Planta,2012,322,11/17/2012,4.48,eto,ref
Cana-Planta,2012,323,11/18/2012,4.82,eto,ref
Cana-Planta,2012,324,11/19/2012,3.7,eto,ref
Cana-Planta,2012,325,11/20/2012,4.52,eto,ref
Cana-Planta,2012,326,11/21/2012,5.22,eto,ref
Cana-Planta,2012,327,11/22/2012,5.57,eto,ref
Cana-Planta,2012,328,11/23/2012,5.28,eto,ref
Cana-Planta,2012,329,11/24/2012,3.29,eto,ref
Cana-Planta,2012,330,11/25/2012,2.12,eto,ref
Cana-Planta,2012,331,11/26/2012,4.5,eto,ref
Cana-Planta,2012,332,11/27/2012,3.42,eto,ref
Cana-Planta,2012,333,11/28/2012,5.36,eto,ref
Cana-Planta,2012,334,11/29/2012,5.77,eto,ref
Cana-Planta,2012,335,11/30/2012,5.75,eto,ref
Cana-Planta,2012,336,12/1/2012,4.82,eto,ref
Cana-Planta,2012,337,12/2/2012,5.63,eto,ref
Cana-Planta,2012,338,12/3/2012,5.23,eto,ref
Cana-Planta,2012,339,12/4/2012,5.47,eto,ref
Cana-Planta,2012,340,12/5/2012,5.15,eto,ref
Cana-Planta,2012,341,12/6/2012,3.64,eto,ref
Cana-Planta,2012,342,12/7/2012,4.37,eto,ref
Cana-Planta,2012,343,12/8/2012,5.88,eto,ref
Cana-Planta,2012,344,12/9/2012,4.33,eto,ref
Cana-Planta,2012,345,12/10/2012,5.65,eto,ref
Cana-Planta,2012,346,12/11/2012,5.25,eto,ref
Cana-Planta,2012,347,12/12/2012,5.42,eto,ref
Cana-Planta,2012,348,12/13/2012,5.08,eto,ref
Cana-Planta,2012,349,12/14/2012,2.77,eto,ref
Cana-Planta,2012,350,12/15/2012,2.06,eto,ref
Cana-Planta,2012,351,12/16/2012,2.84,eto,ref
Cana-Planta,2012,352,12/17/2012,1.19,eto,ref
Cana-Planta,2012,353,12/18/2012,3.8,eto,ref
Cana-Planta,2012,354,12/19/2012,4.28,eto,ref
Cana-Planta,2012,355,12/20/2012,5.29,eto,ref
Cana-Planta,2012,356,12/21/2012,5.53,eto,ref
Cana-Planta,2012,357,12/22/2012,4.52,eto,ref
Cana-Planta,2012,358,12/23/2012,4.41,eto,ref
Cana-Planta,2012,359,12/24/2012,5.52,eto,ref
Cana-Planta,2012,360,12/25/2012,5.83,eto,ref
Cana-Planta,2012,361,12/26/2012,3.86,eto,ref
Cana-Planta,2012,362,12/27/2012,3.92,eto,ref
Cana-Planta,2012,363,12/28/2012,3.67,eto,ref
Cana-Planta,2012,364,12/29/2012,4.11,eto,ref
Cana-Planta,2012,365,12/30/2012,3.75,eto,ref
Cana-Planta,2012,366,12/31/2012,3.74,eto,ref
Cana-Planta,2013,1,1/1/2013,4.26,eto,ref
Cana-Planta,2013,2,1/2/2013,3.88,eto,ref
Cana-Planta,2013,3,1/3/2013,3.58,eto,ref
Cana-Planta,2013,4,1/4/2013,4.58,eto,ref
Cana-Planta,2013,5,1/5/2013,5.34,eto,ref
Cana-Planta,2013,6,1/6/2013,3.38,eto,ref
Cana-Planta,2013,7,1/7/2013,4.6,eto,ref
Cana-Planta,2013,8,1/8/2013,4.69,eto,ref
Cana-Planta,2013,9,1/9/2013,3.8,eto,ref
Cana-Planta,2013,10,1/10/2013,1.51,eto,ref
Cana-Planta,2013,11,1/11/2013,3.21,eto,ref
Cana-Planta,2013,12,1/12/2013,1.36,eto,ref
Cana-Planta,2013,13,1/13/2013,0.62,eto,ref
Cana-Planta,2013,14,1/14/2013,1.48,eto,ref
Cana-Planta,2013,15,1/15/2013,1.42,eto,ref
Cana-Planta,2013,16,1/16/2013,1.24,eto,ref
Cana-Planta,2013,17,1/17/2013,3.6,eto,ref
Cana-Planta,2013,18,1/18/2013,5.14,eto,ref
Cana-Planta,2013,19,1/19/2013,3.72,eto,ref
Cana-Planta,2013,20,1/20/2013,4.49,eto,ref
Cana-Planta,2013,21,1/21/2013,4.35,eto,ref
Cana-Planta,2013,22,1/22/2013,4.68,eto,ref
Cana-Planta,2013,23,1/23/2013,3.47,eto,ref
Cana-Planta,2013,24,1/24/2013,4.4,eto,ref
Cana-Planta,2013,25,1/25/2013,3.94,eto,ref
Cana-Planta,2013,26,1/26/2013,2.77,eto,ref
Cana-Planta,2013,27,1/27/2013,3.3,eto,ref
Cana-Planta,2013,28,1/28/2013,3.72,eto,ref
Cana-Planta,2013,29,1/29/2013,3.96,eto,ref
Cana-Planta,2013,30,1/30/2013,3.81,eto,ref
Cana-Planta,2013,31,1/31/2013,2.91,eto,ref
Cana-Planta,2013,32,2/1/2013,4.61,eto,ref
Cana-Planta,2013,33,2/2/2013,3.28,eto,ref
Cana-Planta,2013,34,2/3/2013,2.23,eto,ref
Cana-Planta,2013,35,2/4/2013,3.61,eto,ref
Cana-Planta,2013,36,2/5/2013,4.35,eto,ref
Cana-Planta,2013,37,2/6/2013,2.24,eto,ref
Cana-Planta,2013,38,2/7/2013,1.43,eto,ref
Cana-Planta,2013,39,2/8/2013,2.72,eto,ref
Cana-Planta,2013,40,2/9/2013,1.2,eto,ref
Cana-Planta,2013,41,2/10/2013,1.77,eto,ref
Cana-Planta,2013,42,2/11/2013,4.13,eto,ref
Cana-Planta,2013,43,2/12/2013,4.74,eto,ref
Cana-Planta,2013,44,2/13/2013,4.64,eto,ref
Cana-Planta,2013,45,2/14/2013,5.28,eto,ref
Cana-Planta,2013,46,2/15/2013,5.3,eto,ref
Cana-Planta,2013,47,2/16/2013,5.74,eto,ref
Cana-Planta,2013,48,2/17/2013,3.61,eto,ref
Cana-Planta,2013,49,2/18/2013,5.57,eto,ref
Cana-Planta,2013,50,2/19/2013,5.37,eto,ref
Cana-Planta,2013,51,2/20/2013,5.19,eto,ref
Cana-Planta,2013,52,2/21/2013,4.78,eto,ref
Cana-Planta,2013,53,2/22/2013,4.75,eto,ref
Cana-Planta,2013,54,2/23/2013,3.7,eto,ref
Cana-Planta,2013,55,2/24/2013,5.31,eto,ref
Cana-Planta,2013,56,2/25/2013,4.91,eto,ref
Cana-Planta,2013,57,2/26/2013,4.03,eto,ref
Cana-Planta,2013,58,2/27/2013,3.72,eto,ref
Cana-Planta,2013,59,2/28/2013,4.57,eto,ref
Cana-Planta,2013,60,3/1/2013,3.75,eto,ref
Cana-Planta,2013,61,3/2/2013,4.11,eto,ref
Cana-Planta,2013,62,3/3/2013,4.76,eto,ref
Cana-Planta,2013,63,3/4/2013,4.99,eto,ref
Cana-Planta,2013,64,3/5/2013,4.64,eto,ref
Cana-Planta,2013,65,3/6/2013,4.24,eto,ref
Cana-Planta,2013,66,3/7/2013,4.73,eto,ref
Cana-Planta,2013,67,3/8/2013,5.63,eto,ref
Cana-Planta,2013,68,3/9/2013,4.59,eto,ref
Cana-Planta,2013,69,3/10/2013,4.17,eto,ref
Cana-Planta,2013,70,3/11/2013,4.04,eto,ref
Cana-Planta,2013,71,3/12/2013,4.74,eto,ref
Cana-Planta,2013,72,3/13/2013,2.72,eto,ref
Cana-Planta,2013,73,3/14/2013,2.81,eto,ref
Cana-Planta,2013,74,3/15/2013,3.55,eto,ref
Cana-Planta,2013,75,3/16/2013,2.87,eto,ref
Cana-Planta,2013,76,3/17/2013,1.69,eto,ref
Cana-Planta,2013,77,3/18/2013,2.42,eto,ref
Cana-Planta,2013,78,3/19/2013,1.44,eto,ref
Cana-Planta,2013,79,3/20/2013,0.99,eto,ref
Cana-Planta,2013,80,3/21/2013,1.92,eto,ref
Cana-Planta,2013,81,3/22/2013,2.31,eto,ref
Cana-Planta,2013,82,3/23/2013,3.08,eto,ref
Cana-Planta,2013,83,3/24/2013,3.21,eto,ref
Cana-Planta,2013,84,3/25/2013,3.67,eto,ref
Cana-Planta,2013,85,3/26/2013,1.35,eto,ref
Cana-Planta,2013,86,3/27/2013,3.54,eto,ref
Cana-Planta,2013,87,3/28/2013,3.86,eto,ref
Cana-Planta,2013,88,3/29/2013,3.42,eto,ref
Cana-Planta,2013,89,3/30/2013,3.64,eto,ref
Cana-Planta,2013,90,3/31/2013,3.53,eto,ref
Cana-Planta,2013,91,4/1/2013,3.62,eto,ref
Cana-Planta,2013,92,4/2/2013,1.22,eto,ref
Cana-Planta,2013,93,4/3/2013,2.58,eto,ref
Cana-Planta,2013,94,4/4/2013,2.2,eto,ref
Cana-Planta,2013,95,4/5/2013,1.54,eto,ref
Cana-Planta,2013,96,4/6/2013,2.98,eto,ref
Cana-Planta,2013,97,4/7/2013,2.99,eto,ref
Cana-Planta,2013,98,4/8/2013,3.4,eto,ref
Cana-Planta,2013,99,4/9/2013,3.57,eto,ref
Cana-Planta,2013,100,4/10/2013,2.27,eto,ref
Cana-Planta,2013,101,4/11/2013,3.35,eto,ref
Cana-Planta,2013,102,4/12/2013,2.58,eto,ref
Cana-Planta,2013,103,4/13/2013,1.32,eto,ref
Cana-Planta,2013,104,4/14/2013,2.02,eto,ref
Cana-Planta,2013,105,4/15/2013,2.47,eto,ref
Cana-Planta,2013,106,4/16/2013,3.04,eto,ref
Cana-Planta,2013,107,4/17/2013,2.86,eto,ref
Cana-Planta,2013,108,4/18/2013,2.97,eto,ref
Cana-Planta,2013,109,4/19/2013,3.13,eto,ref
Cana-Planta,2013,110,4/20/2013,3.03,eto,ref
Cana-Planta,2013,111,4/21/2013,2.87,eto,ref
Cana-Planta,2013,112,4/22/2013,2.98,eto,ref
Cana-Planta,2013,113,4/23/2013,2.69,eto,ref
Cana-Planta,2013,114,4/24/2013,2.78,eto,ref
Cana-Planta,2013,115,4/25/2013,2.7,eto,ref
Cana-Planta,2013,116,4/26/2013,2.89,eto,ref
Cana-Planta,2013,117,4/27/2013,3,eto,ref
Cana-Planta,2013,118,4/28/2013,2.87,eto,ref
Cana-Planta,2013,119,4/29/2013,2.83,eto,ref
Cana-Planta,2013,120,4/30/2013,3.03,eto,ref
Cana-Planta,2013,121,5/1/2013,2.8,eto,ref
Cana-Planta,2013,122,5/2/2013,3.17,eto,ref
Cana-Planta,2013,123,5/3/2013,3.13,eto,ref
Cana-Planta,2013,124,5/4/2013,3.3,eto,ref
Cana-Planta,2013,125,5/5/2013,3.1,eto,ref
Cana-Planta,2013,126,5/6/2013,3.09,eto,ref
Cana-Planta,2013,127,5/7/2013,2.71,eto,ref
Cana-Planta,2013,128,5/8/2013,2.51,eto,ref
Cana-Planta,2013,129,5/9/2013,2.38,eto,ref
Cana-Planta,2013,130,5/10/2013,2.48,eto,ref
Cana-Planta,2013,131,5/11/2013,2.57,eto,ref
Cana-Planta,2013,132,5/12/2013,2.68,eto,ref
Cana-Planta,2013,133,5/13/2013,2.75,eto,ref
Cana-Planta,2013,134,5/14/2013,2.7,eto,ref
Cana-Planta,2013,135,5/15/2013,2.76,eto,ref
Cana-Planta,2013,136,5/16/2013,2.54,eto,ref
Cana-Planta,2013,137,5/17/2013,1.69,eto,ref
Cana-Planta,2013,138,5/18/2013,2.55,eto,ref
Cana-Planta,2013,139,5/19/2013,2.4,eto,ref
Cana-Planta,2013,140,5/20/2013,2.53,eto,ref
Cana-Planta,2013,141,5/21/2013,2,eto,ref
Cana-Planta,2013,142,5/22/2013,1.11,eto,ref
Cana-Planta,2013,143,5/23/2013,1.2,eto,ref
Cana-Planta,2013,144,5/24/2013,0.93,eto,ref
Cana-Planta,2013,145,5/25/2013,2.01,eto,ref
Cana-Planta,2013,146,5/26/2013,2.38,eto,ref
Cana-Planta,2013,147,5/27/2013,1.02,eto,ref
Cana-Planta,2013,148,5/28/2013,1.66,eto,ref
Cana-Planta,2013,149,5/29/2013,2.51,eto,ref
Cana-Planta,2013,150,5/30/2013,1.23,eto,ref
Cana-Planta,2013,151,5/31/2013,2.16,eto,ref
Cana-Planta,2013,152,6/1/2013,2.64,eto,ref
Cana-Planta,2013,153,6/2/2013,0.76,eto,ref
Cana-Planta,2013,154,6/3/2013,1.21,eto,ref
Cana-Planta,2013,155,6/4/2013,2.2,eto,ref
Cana-Planta,2013,156,6/5/2013,2.12,eto,ref
Cana-Planta,2013,157,6/6/2013,2.4,eto,ref
Cana-Planta,2013,158,6/7/2013,2.39,eto,ref
Cana-Planta,2013,159,6/8/2013,2.37,eto,ref
Cana-Planta,2013,160,6/9/2013,2.48,eto,ref
Cana-Planta,2013,161,6/10/2013,2.33,eto,ref
Cana-Planta,2013,162,6/11/2013,2,eto,ref
Cana-Planta,2013,163,6/12/2013,2.6,eto,ref
Cana-Planta,2013,164,6/13/2013,1.91,eto,ref
Cana-Planta,2013,165,6/14/2013,1.55,eto,ref
Cana-Planta,2013,166,6/15/2013,1.44,eto,ref
Cana-Planta,2013,167,6/16/2013,1.74,eto,ref
Cana-Planta,2013,168,6/17/2013,1.93,eto,ref
Cana-Planta,2013,169,6/18/2013,2.26,eto,ref
Cana-Planta,2013,170,6/19/2013,2.34,eto,ref
Cana-Planta,2013,171,6/20/2013,1.34,eto,ref
Cana-Planta,2013,172,6/21/2013,1.67,eto,ref
Cana-Planta,2013,173,6/22/2013,2.01,eto,ref
Cana-Planta,2013,174,6/23/2013,1.11,eto,ref
Cana-Planta,2013,175,6/24/2013,1.79,eto,ref
Cana-Planta,2013,176,6/25/2013,0.49,eto,ref
Cana-Planta,2013,177,6/26/2013,0.37,eto,ref
Cana-Planta,2013,178,6/27/2013,0.81,eto,ref
Cana-Planta,2013,179,6/28/2013,1.36,eto,ref
Cana-Planta,2013,180,6/29/2013,2.37,eto,ref
Cana-Planta,2013,181,6/30/2013,1.23,eto,ref
Cana-Planta,2013,182,7/1/2013,1.31,eto,ref
Cana-Planta,2013,183,7/2/2013,1.93,eto,ref
Cana-Planta,2013,184,7/3/2013,2.14,eto,ref
Cana-Planta,2013,185,7/4/2013,2.2,eto,ref
Cana-Planta,2013,186,7/5/2013,2.39,eto,ref
Cana-Planta,2013,187,7/6/2013,2.59,eto,ref
Cana-Planta,2013,188,7/7/2013,2.57,eto,ref
Cana-Planta,2013,189,7/8/2013,2.22,eto,ref
Cana-Planta,2013,190,7/9/2013,2.39,eto,ref
Cana-Planta,2013,191,7/10/2013,2.39,eto,ref
Cana-Planta,2013,192,7/11/2013,2.14,eto,ref
Cana-Planta,2013,193,7/12/2013,2.26,eto,ref
Cana-Planta,2013,194,7/13/2013,2.37,eto,ref
Cana-Planta,2013,195,7/14/2013,1.73,eto,ref
Cana-Planta,2013,196,7/15/2013,2.59,eto,ref
Cana-Planta,2013,197,7/16/2013,2.64,eto,ref
Cana-Planta,2013,198,7/17/2013,2.52,eto,ref
Cana-Planta,2013,199,7/18/2013,2.6,eto,ref
Cana-Planta,2013,200,7/19/2013,1.62,eto,ref
Cana-Planta,2013,201,7/20/2013,2.9,eto,ref
Cana-Planta,2013,202,7/21/2013,2.27,eto,ref
Cana-Planta,2013,203,7/22/2013,2,eto,ref
Cana-Planta,2013,204,7/23/2013,0.97,eto,ref
Cana-Planta,2013,205,7/24/2013,1.49,eto,ref
Cana-Planta,2013,206,7/25/2013,0.72,eto,ref
Cana-Planta,2013,207,7/26/2013,0.59,eto,ref
Cana-Planta,2013,208,7/27/2013,1.66,eto,ref
Cana-Planta,2013,209,7/28/2013,1.94,eto,ref
Cana-Planta,2013,210,7/29/2013,2.28,eto,ref
Cana-Planta,2013,211,7/30/2013,2.62,eto,ref
Cana-Planta,2013,212,7/31/2013,2.82,eto,ref
Cana-Planta,2013,213,8/1/2013,3,eto,ref
Cana-Planta,2013,214,8/2/2013,3.07,eto,ref
Cana-Planta,2013,215,8/3/2013,3.31,eto,ref
Cana-Planta,2013,216,8/4/2013,3.48,eto,ref
Cana-Planta,2013,217,8/5/2013,3.22,eto,ref
Cana-Planta,2013,218,8/6/2013,3.34,eto,ref
Cana-Planta,2013,219,8/7/2013,3.31,eto,ref
Cana-Planta,2013,220,8/8/2013,3.19,eto,ref
Cana-Planta,2013,221,8/9/2013,3.22,eto,ref
Cana-Planta,2013,222,8/10/2013,3.3,eto,ref
Cana-Planta,2013,223,8/11/2013,2.22,eto,ref
Cana-Planta,2013,224,8/12/2013,2.97,eto,ref
Cana-Planta,2013,225,8/13/2013,2.21,eto,ref
Cana-Planta,2013,226,8/14/2013,0.97,eto,ref
Cana-Planta,2013,227,8/15/2013,1.62,eto,ref
Cana-Planta,2013,228,8/16/2013,2.62,eto,ref
Cana-Planta,2013,229,8/17/2013,1.32,eto,ref
Cana-Planta,2013,230,8/18/2013,2,eto,ref
Cana-Planta,2013,231,8/19/2013,2.56,eto,ref
Cana-Planta,2013,232,8/20/2013,2.95,eto,ref
Cana-Planta,2013,233,8/21/2013,2.84,eto,ref
Cana-Planta,2013,234,8/22/2013,2.58,eto,ref
Cana-Planta,2013,235,8/23/2013,3.39,eto,ref
Cana-Planta,2013,236,8/24/2013,3.38,eto,ref
Cana-Planta,2013,237,8/25/2013,3.64,eto,ref
Cana-Planta,2013,238,8/26/2013,2.51,eto,ref
Cana-Planta,2013,239,8/27/2013,1.64,eto,ref
Cana-Planta,2013,240,8/28/2013,2.49,eto,ref
Cana-Planta,2013,241,8/29/2013,2.71,eto,ref
Cana-Planta,2013,242,8/30/2013,2.93,eto,ref
Cana-Planta,2013,243,8/31/2013,3.4,eto,ref
Cana-Planta,2013,244,9/1/2013,3.74,eto,ref
Cana-Planta,2013,245,9/2/2013,3.64,eto,ref
Cana-Planta,2013,246,9/3/2013,1.46,eto,ref
Cana-Planta,2013,247,9/4/2013,1.13,eto,ref
Cana-Planta,2013,248,9/5/2013,3.36,eto,ref
Cana-Planta,2013,249,9/6/2013,3.32,eto,ref
Cana-Planta,2013,250,9/7/2013,3.59,eto,ref
Cana-Planta,2013,251,9/8/2013,3.76,eto,ref
Cana-Planta,2013,252,9/9/2013,3.95,eto,ref
Cana-Planta,2013,253,9/10/2013,3.88,eto,ref
Cana-Planta,2013,254,9/11/2013,3.83,eto,ref
Cana-Planta,2013,255,9/12/2013,3.98,eto,ref
Cana-Planta,2013,256,9/13/2013,3.86,eto,ref
Cana-Planta,2013,257,9/14/2013,3.86,eto,ref
Cana-Planta,2013,258,9/15/2013,3.45,eto,ref
Cana-Planta,2013,259,9/16/2013,3.17,eto,ref
Cana-Planta,2013,260,9/17/2013,0.98,eto,ref
Cana-Planta,2013,261,9/18/2013,1.64,eto,ref
Cana-Planta,2013,262,9/19/2013,3.33,eto,ref
Cana-Planta,2013,263,9/20/2013,3.78,eto,ref
Cana-Planta,2013,264,9/21/2013,5.51,eto,ref
Cana-Planta,2013,265,9/22/2013,3.35,eto,ref
Cana-Planta,2013,266,9/23/2013,3.42,eto,ref
Cana-Planta,2013,267,9/24/2013,1.84,eto,ref
Cana-Planta,2013,268,9/25/2013,3.2,eto,ref
Cana-Planta,2013,269,9/26/2013,2.91,eto,ref
Cana-Planta,2013,270,9/27/2013,3.26,eto,ref
Cana-Planta,2013,271,9/28/2013,3.68,eto,ref
Cana-Planta,2013,272,9/29/2013,1.28,eto,ref
Cana-Planta,2013,273,9/30/2013,1.83,eto,ref
Cana-Planta,2013,274,10/1/2013,2.59,eto,ref
Cana-Planta,2013,275,10/2/2013,1.69,eto,ref
Cana-Planta,2013,276,10/3/2013,2.41,eto,ref
Cana-Planta,2013,277,10/4/2013,1.14,eto,ref
Cana-Planta,2013,278,10/5/2013,3.61,eto,ref
Cana-Planta,2013,279,10/6/2013,3.81,eto,ref
Cana-Planta,2013,280,10/7/2013,3,eto,ref
Cana-Planta,2013,281,10/8/2013,3.1,eto,ref
Cana-Planta,2013,282,10/9/2013,3.82,eto,ref
Cana-Planta,2013,283,10/10/2013,3.87,eto,ref
Cana-Planta,2013,284,10/11/2013,3.89,eto,ref
Cana-Planta,2013,285,10/12/2013,2.41,eto,ref
Cana-Planta,2013,286,10/13/2013,4.24,eto,ref
Cana-Planta,2013,287,10/14/2013,4.49,eto,ref
Cana-Planta,2013,288,10/15/2013,3.92,eto,ref
Cana-Planta,2013,289,10/16/2013,1.03,eto,ref
Cana-Planta,2013,290,10/17/2013,3.32,eto,ref
Cana-Soca 1,2013,291,10/18/2013,2.47,eto,ref
Cana-Soca 1,2013,292,10/19/2013,4.57,eto,ref
Cana-Soca 1,2013,293,10/20/2013,5.13,eto,ref
Cana-Soca 1,2013,294,10/21/2013,5.33,eto,ref
Cana-Soca 1,2013,295,10/22/2013,5.11,eto,ref
Cana-Soca 1,2013,296,10/23/2013,5.19,eto,ref
Cana-Soca 1,2013,297,10/24/2013,5.48,eto,ref
Cana-Soca 1,2013,298,10/25/2013,4.2,eto,ref
Cana-Soca 1,2013,299,10/26/2013,5.5,eto,ref
Cana-Soca 1,2013,300,10/27/2013,4.05,eto,ref
Cana-Soca 1,2013,301,10/28/2013,4.66,eto,ref
Cana-Soca 1,2013,302,10/29/2013,4.94,eto,ref
Cana-Soca 1,2013,303,10/30/2013,4.46,eto,ref
Cana-Soca 1,2013,304,10/31/2013,3.74,eto,ref
Cana-Soca 1,2013,305,11/1/2013,4.94,eto,ref
Cana-Soca 1,2013,306,11/2/2013,4.4,eto,ref
Cana-Soca 1,2013,307,11/3/2013,5.02,eto,ref
Cana-Soca 1,2013,308,11/4/2013,1.11,eto,ref
Cana-Soca 1,2013,309,11/5/2013,2.16,eto,ref
Cana-Soca 1,2013,310,11/6/2013,0.74,eto,ref
Cana-Soca 1,2013,311,11/7/2013,3,eto,ref
Cana-Soca 1,2013,312,11/8/2013,4.21,eto,ref
Cana-Soca 1,2013,313,11/9/2013,4.81,eto,ref
Cana-Soca 1,2013,314,11/10/2013,5.57,eto,ref
Cana-Soca 1,2013,315,11/11/2013,5.91,eto,ref
Cana-Soca 1,2013,316,11/12/2013,4.1,eto,ref
Cana-Soca 1,2013,317,11/13/2013,5.69,eto,ref
Cana-Soca 1,2013,318,11/14/2013,5.29,eto,ref
Cana-Soca 1,2013,319,11/15/2013,5.09,eto,ref
Cana-Soca 1,2013,320,11/16/2013,3.48,eto,ref
Cana-Soca 1,2013,321,11/17/2013,4.42,eto,ref
Cana-Soca 1,2013,322,11/18/2013,3.69,eto,ref
Cana-Soca 1,2013,323,11/19/2013,4.33,eto,ref
Cana-Soca 1,2013,324,11/20/2013,4.52,eto,ref
Cana-Soca 1,2013,325,11/21/2013,4.15,eto,ref
Cana-Soca 1,2013,326,11/22/2013,1.74,eto,ref
Cana-Soca 1,2013,327,11/23/2013,1.18,eto,ref
Cana-Soca 1,2013,328,11/24/2013,1.91,eto,ref
Cana-Soca 1,2013,329,11/25/2013,1.74,eto,ref
Cana-Soca 1,2013,330,11/26/2013,3.22,eto,ref
Cana-Soca 1,2013,331,11/27/2013,4.03,eto,ref
Cana-Soca 1,2013,332,11/28/2013,5.82,eto,ref
Cana-Soca 1,2013,333,11/29/2013,5.37,eto,ref
Cana-Soca 1,2013,334,11/30/2013,5.07,eto,ref
Cana-Soca 1,2013,335,12/1/2013,5.07,eto,ref
Cana-Soca 1,2013,336,12/2/2013,4.91,eto,ref
Cana-Soca 1,2013,337,12/3/2013,5.83,eto,ref
Cana-Soca 1,2013,338,12/4/2013,5.83,eto,ref
Cana-Soca 1,2013,339,12/5/2013,5.34,eto,ref
Cana-Soca 1,2013,340,12/6/2013,5.28,eto,ref
Cana-Soca 1,2013,341,12/7/2013,4.63,eto,ref
Cana-Soca 1,2013,342,12/8/2013,5.09,eto,ref
Cana-Soca 1,2013,343,12/9/2013,5.32,eto,ref
Cana-Soca 1,2013,344,12/10/2013,2.36,eto,ref
Cana-Soca 1,2013,345,12/11/2013,2.88,eto,ref
Cana-Soca 1,2013,346,12/12/2013,3.44,eto,ref
Cana-Soca 1,2013,347,12/13/2013,4.31,eto,ref
Cana-Soca 1,2013,348,12/14/2013,3.51,eto,ref
Cana-Soca 1,2013,349,12/15/2013,4.81,eto,ref
Cana-Soca 1,2013,350,12/16/2013,5.06,eto,ref
Cana-Soca 1,2013,351,12/17/2013,5.3,eto,ref
Cana-Soca 1,2013,352,12/18/2013,5.08,eto,ref
Cana-Soca 1,2013,353,12/19/2013,4.9,eto,ref
Cana-Soca 1,2013,354,12/20/2013,4.22,eto,ref
Cana-Soca 1,2013,355,12/21/2013,3.91,eto,ref
Cana-Soca 1,2013,356,12/22/2013,4.18,eto,ref
Cana-Soca 1,2013,357,12/23/2013,3.6,eto,ref
Cana-Soca 1,2013,358,12/24/2013,3.5,eto,ref
Cana-Soca 1,2013,359,12/25/2013,2.59,eto,ref
Cana-Soca 1,2013,360,12/26/2013,4.92,eto,ref
Cana-Soca 1,2013,361,12/27/2013,5.53,eto,ref
Cana-Soca 1,2013,362,12/28/2013,4.12,eto,ref
Cana-Soca 1,2013,363,12/29/2013,4.42,eto,ref
Cana-Soca 1,2013,364,12/30/2013,2.47,eto,ref
Cana-Soca 1,2013,365,12/31/2013,5.05,eto,ref
Cana-Soca 1,2014,1,1/1/2014,3.86,eto,ref
Cana-Soca 1,2014,2,1/2/2014,3.88,eto,ref
Cana-Soca 1,2014,3,1/3/2014,4.36,eto,ref
Cana-Soca 1,2014,4,1/4/2014,5.81,eto,ref
Cana-Soca 1,2014,5,1/5/2014,5.92,eto,ref
Cana-Soca 1,2014,6,1/6/2014,5.99,eto,ref
Cana-Soca 1,2014,7,1/7/2014,5.14,eto,ref
Cana-Soca 1,2014,8,1/8/2014,5.32,eto,ref
Cana-Soca 1,2014,9,1/9/2014,5.76,eto,ref
Cana-Soca 1,2014,10,1/10/2014,5.44,eto,ref
Cana-Soca 1,2014,11,1/11/2014,4.43,eto,ref
Cana-Soca 1,2014,12,1/12/2014,3.5,eto,ref
Cana-Soca 1,2014,13,1/13/2014,2.59,eto,ref
Cana-Soca 1,2014,14,1/14/2014,4.62,eto,ref
Cana-Soca 1,2014,15,1/15/2014,4.19,eto,ref
Cana-Soca 1,2014,16,1/16/2014,3,eto,ref
Cana-Soca 1,2014,17,1/17/2014,5.15,eto,ref
Cana-Soca 1,2014,18,1/18/2014,5.54,eto,ref
Cana-Soca 1,2014,19,1/19/2014,5.77,eto,ref
Cana-Soca 1,2014,20,1/20/2014,5.72,eto,ref
Cana-Soca 1,2014,21,1/21/2014,5.73,eto,ref
Cana-Soca 1,2014,22,1/22/2014,5,eto,ref
Cana-Soca 1,2014,23,1/23/2014,5.24,eto,ref
Cana-Soca 1,2014,24,1/24/2014,4.99,eto,ref
Cana-Soca 1,2014,25,1/25/2014,4.89,eto,ref
Cana-Soca 1,2014,26,1/26/2014,5.23,eto,ref
Cana-Soca 1,2014,27,1/27/2014,5.29,eto,ref
Cana-Soca 1,2014,28,1/28/2014,5.66,eto,ref
Cana-Soca 1,2014,29,1/29/2014,5.66,eto,ref
Cana-Soca 1,2014,30,1/30/2014,5.48,eto,ref
Cana-Soca 1,2014,31,1/31/2014,5.11,eto,ref
Cana-Soca 1,2014,32,2/1/2014,5.77,eto,ref
Cana-Soca 1,2014,33,2/2/2014,6.07,eto,ref
Cana-Soca 1,2014,34,2/3/2014,5.96,eto,ref
Cana-Soca 1,2014,35,2/4/2014,5.86,eto,ref
Cana-Soca 1,2014,36,2/5/2014,5.39,eto,ref
Cana-Soca 1,2014,37,2/6/2014,5.5,eto,ref
Cana-Soca 1,2014,38,2/7/2014,5.85,eto,ref
Cana-Soca 1,2014,39,2/8/2014,6.34,eto,ref
Cana-Soca 1,2014,40,2/9/2014,6.07,eto,ref
Cana-Soca 1,2014,41,2/10/2014,5.7,eto,ref
Cana-Soca 1,2014,42,2/11/2014,5.35,eto,ref
Cana-Soca 1,2014,43,2/12/2014,4.32,eto,ref
Cana-Soca 1,2014,44,2/13/2014,4.68,eto,ref
Cana-Soca 1,2014,45,2/14/2014,3.89,eto,ref
Cana-Soca 1,2014,46,2/15/2014,1.58,eto,ref
Cana-Soca 1,2014,47,2/16/2014,2.53,eto,ref
Cana-Soca 1,2014,48,2/17/2014,2.94,eto,ref
Cana-Soca 1,2014,49,2/18/2014,4.82,eto,ref
Cana-Soca 1,2014,50,2/19/2014,5.16,eto,ref
Cana-Soca 1,2014,51,2/20/2014,5.03,eto,ref
Cana-Soca 1,2014,52,2/21/2014,4.23,eto,ref
Cana-Soca 1,2014,53,2/22/2014,4.4,eto,ref
Cana-Soca 1,2014,54,2/23/2014,4.1,eto,ref
Cana-Soca 1,2014,55,2/24/2014,3.73,eto,ref
Cana-Soca 1,2014,56,2/25/2014,3.51,eto,ref
Cana-Soca 1,2014,57,2/26/2014,4.68,eto,ref
Cana-Soca 1,2014,58,2/27/2014,4.17,eto,ref
Cana-Soca 1,2014,59,2/28/2014,3.36,eto,ref
Cana-Soca 1,2014,60,3/1/2014,4.53,eto,ref
Cana-Soca 1,2014,61,3/2/2014,4.39,eto,ref
Cana-Soca 1,2014,62,3/3/2014,4.18,eto,ref
Cana-Soca 1,2014,63,3/4/2014,4.39,eto,ref
Cana-Soca 1,2014,64,3/5/2014,1.12,eto,ref
Cana-Soca 1,2014,65,3/6/2014,4.4,eto,ref
Cana-Soca 1,2014,66,3/7/2014,4.57,eto,ref
Cana-Soca 1,2014,67,3/8/2014,4.27,eto,ref
Cana-Soca 1,2014,68,3/9/2014,4.75,eto,ref
Cana-Soca 1,2014,69,3/10/2014,4.81,eto,ref
Cana-Soca 1,2014,70,3/11/2014,4.04,eto,ref
Cana-Soca 1,2014,71,3/12/2014,2.24,eto,ref
Cana-Soca 1,2014,72,3/13/2014,3.15,eto,ref
Cana-Soca 1,2014,73,3/14/2014,5.08,eto,ref
Cana-Soca 1,2014,74,3/15/2014,5.22,eto,ref
Cana-Soca 1,2014,75,3/16/2014,5.36,eto,ref
Cana-Soca 1,2014,76,3/17/2014,4.75,eto,ref
Cana-Soca 1,2014,77,3/18/2014,4.14,eto,ref
Cana-Soca 1,2014,78,3/19/2014,4.43,eto,ref
Cana-Soca 1,2014,79,3/20/2014,3.8,eto,ref
Cana-Soca 1,2014,80,3/21/2014,3.26,eto,ref
Cana-Soca 1,2014,81,3/22/2014,2.76,eto,ref
Cana-Soca 1,2014,82,3/23/2014,3.11,eto,ref
Cana-Soca 1,2014,83,3/24/2014,3.4,eto,ref
Cana-Soca 1,2014,84,3/25/2014,3.63,eto,ref
Cana-Soca 1,2014,85,3/26/2014,3.65,eto,ref
Cana-Soca 1,2014,86,3/27/2014,3.82,eto,ref
Cana-Soca 1,2014,87,3/28/2014,4.14,eto,ref
Cana-Soca 1,2014,88,3/29/2014,3.64,eto,ref
Cana-Soca 1,2014,89,3/30/2014,2.02,eto,ref
Cana-Soca 1,2014,90,3/31/2014,2.61,eto,ref
Cana-Soca 1,2014,91,4/1/2014,4.24,eto,ref
Cana-Soca 1,2014,92,4/2/2014,3.92,eto,ref
Cana-Soca 1,2014,93,4/3/2014,3.57,eto,ref
Cana-Soca 1,2014,94,4/4/2014,3.73,eto,ref
Cana-Soca 1,2014,95,4/5/2014,3.97,eto,ref
Cana-Soca 1,2014,96,4/6/2014,3.87,eto,ref
Cana-Soca 1,2014,97,4/7/2014,3.8,eto,ref
Cana-Soca 1,2014,98,4/8/2014,3.86,eto,ref
Cana-Soca 1,2014,99,4/9/2014,3.34,eto,ref
Cana-Soca 1,2014,100,4/10/2014,2.62,eto,ref
Cana-Soca 1,2014,101,4/11/2014,3.36,eto,ref
Cana-Soca 1,2014,102,4/12/2014,3.58,eto,ref
Cana-Soca 1,2014,103,4/13/2014,2.31,eto,ref
Cana-Soca 1,2014,104,4/14/2014,1.84,eto,ref
Cana-Soca 1,2014,105,4/15/2014,1.35,eto,ref
Cana-Soca 1,2014,106,4/16/2014,2.12,eto,ref
Cana-Soca 1,2014,107,4/17/2014,2.83,eto,ref
Cana-Soca 1,2014,108,4/18/2014,3.16,eto,ref
Cana-Soca 1,2014,109,4/19/2014,3.45,eto,ref
Cana-Soca 1,2014,110,4/20/2014,3.08,eto,ref
Cana-Soca 1,2014,111,4/21/2014,3.35,eto,ref
Cana-Soca 1,2014,112,4/22/2014,1.32,eto,ref
Cana-Soca 1,2014,113,4/23/2014,1.41,eto,ref
Cana-Soca 1,2014,114,4/24/2014,2.02,eto,ref
Cana-Soca 1,2014,115,4/25/2014,2.54,eto,ref
Cana-Soca 1,2014,116,4/26/2014,2.44,eto,ref
Cana-Soca 1,2014,117,4/27/2014,2.35,eto,ref
Cana-Soca 1,2014,118,4/28/2014,2.43,eto,ref
Cana-Soca 1,2014,119,4/29/2014,2.68,eto,ref
Cana-Soca 1,2014,120,4/30/2014,2.42,eto,ref
Cana-Soca 1,2014,121,5/1/2014,2.12,eto,ref
Cana-Soca 1,2014,122,5/2/2014,1.93,eto,ref
Cana-Soca 1,2014,123,5/3/2014,2.35,eto,ref
Cana-Soca 1,2014,124,5/4/2014,2.88,eto,ref
Cana-Soca 1,2014,125,5/5/2014,2.64,eto,ref
Cana-Soca 1,2014,126,5/6/2014,2.51,eto,ref
Cana-Soca 1,2014,127,5/7/2014,2.13,eto,ref
Cana-Soca 1,2014,128,5/8/2014,3.01,eto,ref
Cana-Soca 1,2014,129,5/9/2014,2.58,eto,ref
Cana-Soca 1,2014,130,5/10/2014,2.53,eto,ref
Cana-Soca 1,2014,131,5/11/2014,2.4,eto,ref
Cana-Soca 1,2014,132,5/12/2014,2.49,eto,ref
Cana-Soca 1,2014,133,5/13/2014,2.26,eto,ref
Cana-Soca 1,2014,134,5/14/2014,1.93,eto,ref
Cana-Soca 1,2014,135,5/15/2014,2.34,eto,ref
Cana-Soca 1,2014,136,5/16/2014,2.27,eto,ref
Cana-Soca 1,2014,137,5/17/2014,2.14,eto,ref
Cana-Soca 1,2014,138,5/18/2014,1.82,eto,ref
Cana-Soca 1,2014,139,5/19/2014,2.2,eto,ref
Cana-Soca 1,2014,140,5/20/2014,2.36,eto,ref
Cana-Soca 1,2014,141,5/21/2014,2.37,eto,ref
Cana-Soca 1,2014,142,5/22/2014,1.94,eto,ref
Cana-Soca 1,2014,143,5/23/2014,1.27,eto,ref
Cana-Soca 1,2014,144,5/24/2014,1.04,eto,ref
Cana-Soca 1,2014,145,5/25/2014,1.11,eto,ref
Cana-Soca 1,2014,146,5/26/2014,1.06,eto,ref
Cana-Soca 1,2014,147,5/27/2014,1.31,eto,ref
Cana-Soca 1,2014,148,5/28/2014,1.03,eto,ref
Cana-Soca 1,2014,149,5/29/2014,1.84,eto,ref
Cana-Soca 1,2014,150,5/30/2014,2.04,eto,ref
Cana-Soca 1,2014,151,5/31/2014,2.24,eto,ref
Cana-Soca 1,2014,152,6/1/2014,0.81,eto,ref
Cana-Soca 1,2014,153,6/2/2014,1.82,eto,ref
Cana-Soca 1,2014,154,6/3/2014,2.11,eto,ref
Cana-Soca 1,2014,155,6/4/2014,2.19,eto,ref
Cana-Soca 1,2014,156,6/5/2014,2.12,eto,ref
Cana-Soca 1,2014,157,6/6/2014,0.77,eto,ref
Cana-Soca 1,2014,158,6/7/2014,2.35,eto,ref
Cana-Soca 1,2014,159,6/8/2014,2.44,eto,ref
Cana-Soca 1,2014,160,6/9/2014,2.04,eto,ref
Cana-Soca 1,2014,161,6/10/2014,1.8,eto,ref
Cana-Soca 1,2014,162,6/11/2014,2.29,eto,ref
Cana-Soca 1,2014,163,6/12/2014,2.21,eto,ref
Cana-Soca 1,2014,164,6/13/2014,2.29,eto,ref
Cana-Soca 1,2014,165,6/14/2014,2.15,eto,ref
Cana-Soca 1,2014,166,6/15/2014,2.17,eto,ref
Cana-Soca 1,2014,167,6/16/2014,2.26,eto,ref
Cana-Soca 1,2014,168,6/17/2014,2.31,eto,ref
Cana-Soca 1,2014,169,6/18/2014,2.22,eto,ref
Cana-Soca 1,2014,170,6/19/2014,1.6,eto,ref
Cana-Soca 1,2014,171,6/20/2014,2.02,eto,ref
Cana-Soca 1,2014,172,6/21/2014,1.81,eto,ref
Cana-Soca 1,2014,173,6/22/2014,1.92,eto,ref
Cana-Soca 1,2014,174,6/23/2014,1.72,eto,ref
Cana-Soca 1,2014,175,6/24/2014,2.14,eto,ref
Cana-Soca 1,2014,176,6/25/2014,2.05,eto,ref
Cana-Soca 1,2014,177,6/26/2014,2.25,eto,ref
Cana-Soca 1,2014,178,6/27/2014,2.46,eto,ref
Cana-Soca 1,2014,179,6/28/2014,2.4,eto,ref
Cana-Soca 1,2014,180,6/29/2014,1.9,eto,ref
Cana-Soca 1,2014,181,6/30/2014,2.36,eto,ref
Cana-Soca 1,2014,182,7/1/2014,2.26,eto,ref
Cana-Soca 1,2014,183,7/2/2014,2.18,eto,ref
Cana-Soca 1,2014,184,7/3/2014,2.23,eto,ref
Cana-Soca 1,2014,185,7/4/2014,2.39,eto,ref
Cana-Soca 1,2014,186,7/5/2014,2.49,eto,ref
Cana-Soca 1,2014,187,7/6/2014,2.54,eto,ref
Cana-Soca 1,2014,188,7/7/2014,1.19,eto,ref
Cana-Soca 1,2014,189,7/8/2014,1.53,eto,ref
Cana-Soca 1,2014,190,7/9/2014,0.94,eto,ref
Cana-Soca 1,2014,191,7/10/2014,1.11,eto,ref
Cana-Soca 1,2014,192,7/11/2014,1.15,eto,ref
Cana-Soca 1,2014,193,7/12/2014,1.81,eto,ref
Cana-Soca 1,2014,194,7/13/2014,2.05,eto,ref
Cana-Soca 1,2014,195,7/14/2014,2.19,eto,ref
Cana-Soca 2,2014,196,7/15/2014,2.22,eto,ref
Cana-Soca 2,2014,197,7/16/2014,2.35,eto,ref
Cana-Soca 2,2014,198,7/17/2014,2.45,eto,ref
Cana-Soca 2,2014,199,7/18/2014,1.33,eto,ref
Cana-Soca 2,2014,200,7/19/2014,2.36,eto,ref
Cana-Soca 2,2014,201,7/20/2014,2.1,eto,ref
Cana-Soca 2,2014,202,7/21/2014,2.18,eto,ref
Cana-Soca 2,2014,203,7/22/2014,2.26,eto,ref
Cana-Soca 2,2014,204,7/23/2014,2.51,eto,ref
Cana-Soca 2,2014,205,7/24/2014,0.56,eto,ref
Cana-Soca 2,2014,206,7/25/2014,1.09,eto,ref
Cana-Soca 2,2014,207,7/26/2014,1.31,eto,ref
Cana-Soca 2,2014,208,7/27/2014,0.52,eto,ref
Cana-Soca 2,2014,209,7/28/2014,1.43,eto,ref
Cana-Soca 2,2014,210,7/29/2014,1.96,eto,ref
Cana-Soca 2,2014,211,7/30/2014,2.35,eto,ref
Cana-Soca 2,2014,212,7/31/2014,2.49,eto,ref
Cana-Soca 2,2014,213,8/1/2014,2.67,eto,ref
Cana-Soca 2,2014,214,8/2/2014,2.73,eto,ref
Cana-Soca 2,2014,215,8/3/2014,2.88,eto,ref
Cana-Soca 2,2014,216,8/4/2014,3.25,eto,ref
Cana-Soca 2,2014,217,8/5/2014,2.42,eto,ref
Cana-Soca 2,2014,218,8/6/2014,2.84,eto,ref
Cana-Soca 2,2014,219,8/7/2014,2.69,eto,ref
Cana-Soca 2,2014,220,8/8/2014,2.37,eto,ref
Cana-Soca 2,2014,221,8/9/2014,2.45,eto,ref
Cana-Soca 2,2014,222,8/10/2014,2.44,eto,ref
Cana-Soca 2,2014,223,8/11/2014,2.71,eto,ref
Cana-Soca 2,2014,224,8/12/2014,3.06,eto,ref
Cana-Soca 2,2014,225,8/13/2014,1.01,eto,ref
Cana-Soca 2,2014,226,8/14/2014,1.12,eto,ref
Cana-Soca 2,2014,227,8/15/2014,2.4,eto,ref
Cana-Soca 2,2014,228,8/16/2014,1.98,eto,ref
Cana-Soca 2,2014,229,8/17/2014,0.93,eto,ref
Cana-Soca 2,2014,230,8/18/2014,2.88,eto,ref
Cana-Soca 2,2014,231,8/19/2014,2.69,eto,ref
Cana-Soca 2,2014,232,8/20/2014,2.84,eto,ref
Cana-Soca 2,2014,233,8/21/2014,3.05,eto,ref
Cana-Soca 2,2014,234,8/22/2014,3.08,eto,ref
Cana-Soca 2,2014,235,8/23/2014,3.12,eto,ref
Cana-Soca 2,2014,236,8/24/2014,3.6,eto,ref
Cana-Soca 2,2014,237,8/25/2014,3.71,eto,ref
Cana-Soca 2,2014,238,8/26/2014,3.34,eto,ref
Cana-Soca 2,2014,239,8/27/2014,3.35,eto,ref
Cana-Soca 2,2014,240,8/28/2014,2.54,eto,ref
Cana-Soca 2,2014,241,8/29/2014,2.64,eto,ref
Cana-Soca 2,2014,242,8/30/2014,2.89,eto,ref
Cana-Soca 2,2014,243,8/31/2014,3.61,eto,ref
Cana-Soca 2,2014,245,9/1/2014,2.34,eto,ref
Cana-Soca 2,2014,246,9/2/2014,3.74,eto,ref
Cana-Soca 2,2014,247,9/3/2014,3.29,eto,ref
Cana-Soca 2,2014,248,9/4/2014,2.7,eto,ref
Cana-Soca 2,2014,249,9/5/2014,3.32,eto,ref
Cana-Soca 2,2014,250,9/6/2014,3.29,eto,ref
Cana-Soca 2,2014,251,9/7/2014,3.07,eto,ref
Cana-Soca 2,2014,252,9/8/2014,3.32,eto,ref
Cana-Soca 2,2014,253,9/9/2014,3.7,eto,ref
Cana-Soca 2,2014,254,9/10/2014,4.02,eto,ref
Cana-Soca 2,2014,255,9/11/2014,4.01,eto,ref
Cana-Soca 2,2014,256,9/12/2014,3.92,eto,ref
Cana-Soca 2,2014,257,9/13/2014,3.85,eto,ref
Cana-Soca 2,2014,258,9/14/2014,3.97,eto,ref
Cana-Soca 2,2014,259,9/15/2014,4.27,eto,ref
Cana-Soca 2,2014,260,9/16/2014,3.86,eto,ref
Cana-Soca 2,2014,261,9/17/2014,3.87,eto,ref
Cana-Soca 2,2014,262,9/18/2014,3.25,eto,ref
Cana-Soca 2,2014,263,9/19/2014,1.83,eto,ref
Cana-Soca 2,2014,264,9/20/2014,0.99,eto,ref
Cana-Soca 2,2014,265,9/21/2014,3.12,eto,ref
Cana-Soca 2,2014,266,9/22/2014,3.44,eto,ref
Cana-Soca 2,2014,267,9/23/2014,3.69,eto,ref
Cana-Soca 2,2014,268,9/24/2014,3.97,eto,ref
Cana-Soca 2,2014,269,9/25/2014,2.53,eto,ref
Cana-Soca 2,2014,270,9/26/2014,1.82,eto,ref
Cana-Soca 2,2014,271,9/27/2014,1.77,eto,ref
Cana-Soca 2,2014,272,9/28/2014,3.4,eto,ref
Cana-Soca 2,2014,273,9/29/2014,4.41,eto,ref
Cana-Soca 2,2014,274,9/30/2014,3.74,eto,ref
Cana-Soca 2,2014,275,10/1/2014,3.28,eto,ref
Cana-Soca 2,2014,276,10/2/2014,3.56,eto,ref
Cana-Soca 2,2014,277,10/3/2014,3.59,eto,ref
Cana-Soca 2,2014,278,10/4/2014,3.29,eto,ref
Cana-Soca 2,2014,279,10/5/2014,3.36,eto,ref
Cana-Soca 2,2014,280,10/6/2014,3.33,eto,ref
Cana-Soca 2,2014,281,10/7/2014,2.49,eto,ref
Cana-Soca 2,2014,282,10/8/2014,3.91,eto,ref
Cana-Soca 2,2014,283,10/9/2014,4.31,eto,ref
Cana-Soca 2,2014,284,10/10/2014,4.77,eto,ref
Cana-Soca 2,2014,285,10/11/2014,4.8,eto,ref
Cana-Soca 2,2014,286,10/12/2014,4.55,eto,ref
Cana-Soca 2,2014,287,10/13/2014,4.81,eto,ref
Cana-Soca 2,2014,288,10/14/2014,5.5,eto,ref
Cana-Soca 2,2014,289,10/15/2014,5.12,eto,ref
Cana-Soca 2,2014,290,10/16/2014,4.53,eto,ref
Cana-Soca 2,2014,291,10/17/2014,5.14,eto,ref
Cana-Soca 2,2014,292,10/18/2014,4.74,eto,ref
Cana-Soca 2,2014,293,10/19/2014,5.31,eto,ref
Cana-Soca 2,2014,294,10/20/2014,2.84,eto,ref
Cana-Soca 2,2014,295,10/21/2014,3.7,eto,ref
Cana-Soca 2,2014,296,10/22/2014,4.23,eto,ref
Cana-Soca 2,2014,297,10/23/2014,3.88,eto,ref
Cana-Soca 2,2014,298,10/24/2014,4.09,eto,ref
Cana-Soca 2,2014,299,10/25/2014,1.82,eto,ref
Cana-Soca 2,2014,300,10/26/2014,4.13,eto,ref
Cana-Soca 2,2014,301,10/27/2014,4.51,eto,ref
Cana-Soca 2,2014,302,10/28/2014,4.36,eto,ref
Cana-Soca 2,2014,303,10/29/2014,4.71,eto,ref
Cana-Soca 2,2014,304,10/30/2014,4.77,eto,ref
Cana-Soca 2,2014,305,10/31/2014,4.48,eto,ref
Cana-Soca 2,2014,306,11/1/2014,3.92,eto,ref
Cana-Soca 2,2014,307,11/2/2014,4.54,eto,ref
Cana-Soca 2,2014,308,11/3/2014,4.88,eto,ref
Cana-Soca 2,2014,309,11/4/2014,2.53,eto,ref
Cana-Soca 2,2014,310,11/5/2014,3.18,eto,ref
Cana-Soca 2,2014,311,11/6/2014,5.42,eto,ref
Cana-Soca 2,2014,312,11/7/2014,3.64,eto,ref
Cana-Soca 2,2014,313,11/8/2014,2.79,eto,ref
Cana-Soca 2,2014,314,11/9/2014,4.66,eto,ref
Cana-Soca 2,2014,315,11/10/2014,4.86,eto,ref
Cana-Soca 2,2014,316,11/11/2014,4.78,eto,ref
Cana-Soca 2,2014,317,11/12/2014,2.41,eto,ref
Cana-Soca 2,2014,318,11/13/2014,3.43,eto,ref
Cana-Soca 2,2014,319,11/14/2014,3.89,eto,ref
Cana-Soca 2,2014,320,11/15/2014,4.53,eto,ref
Cana-Soca 2,2014,321,11/16/2014,4.56,eto,ref
Cana-Soca 2,2014,322,11/17/2014,4.43,eto,ref
Cana-Soca 2,2014,323,11/18/2014,4.79,eto,ref
Cana-Soca 2,2014,324,11/19/2014,4.78,eto,ref
Cana-Soca 2,2014,325,11/20/2014,2.07,eto,ref
Cana-Soca 2,2014,326,11/21/2014,5.06,eto,ref
Cana-Soca 2,2014,327,11/22/2014,1.3,eto,ref
Cana-Soca 2,2014,328,11/23/2014,2.71,eto,ref
Cana-Soca 2,2014,329,11/24/2014,3.25,eto,ref
Cana-Soca 2,2014,330,11/25/2014,2.76,eto,ref
Cana-Soca 2,2014,331,11/26/2014,2.75,eto,ref
Cana-Soca 2,2014,332,11/27/2014,3.26,eto,ref
Cana-Soca 2,2014,333,11/28/2014,3.38,eto,ref
Cana-Soca 2,2014,334,11/29/2014,3.28,eto,ref
Cana-Soca 2,2014,335,11/30/2014,3.44,eto,ref
Cana-Soca 2,2014,336,12/1/2014,3.35,eto,ref
Cana-Soca 2,2014,337,12/2/2014,4.51,eto,ref
Cana-Soca 2,2014,338,12/3/2014,4.1,eto,ref
Cana-Soca 2,2014,339,12/4/2014,3.61,eto,ref
Cana-Soca 2,2014,340,12/5/2014,3.82,eto,ref
Cana-Soca 2,2014,341,12/6/2014,4.64,eto,ref
Cana-Soca 2,2014,342,12/7/2014,4.75,eto,ref
Cana-Soca 2,2014,343,12/8/2014,3.9,eto,ref
Cana-Soca 2,2014,344,12/9/2014,4.16,eto,ref
Cana-Soca 2,2014,345,12/10/2014,1.54,eto,ref
Cana-Soca 2,2014,346,12/11/2014,3.59,eto,ref
Cana-Soca 2,2014,347,12/12/2014,3.2,eto,ref
Cana-Soca 2,2014,348,12/13/2014,1.06,eto,ref
Cana-Soca 2,2014,349,12/14/2014,3.85,eto,ref
Cana-Soca 2,2014,350,12/15/2014,4.77,eto,ref
Cana-Soca 2,2014,351,12/16/2014,5.07,eto,ref
Cana-Soca 2,2014,352,12/17/2014,5.25,eto,ref
Cana-Soca 2,2014,353,12/18/2014,5.47,eto,ref
Cana-Soca 2,2014,354,12/19/2014,4.65,eto,ref
Cana-Soca 2,2014,355,12/20/2014,4.84,eto,ref
Cana-Soca 2,2014,356,12/21/2014,4.58,eto,ref
Cana-Soca 2,2014,357,12/22/2014,4.17,eto,ref
Cana-Soca 2,2014,358,12/23/2014,1.1,eto,ref
Cana-Soca 2,2014,359,12/24/2014,3.9,eto,ref
Cana-Soca 2,2014,360,12/25/2014,5.27,eto,ref
Cana-Soca 2,2014,361,12/26/2014,5.38,eto,ref
Cana-Soca 2,2014,362,12/27/2014,5.83,eto,ref
Cana-Soca 2,2014,363,12/28/2014,5.96,eto,ref
Cana-Soca 2,2014,364,12/29/2014,5.27,eto,ref
Cana-Soca 2,2014,365,12/30/2014,4.41,eto,ref
Cana-Soca 2,2015,1,12/31/2014,4.85,eto,ref
Cana-Soca 2,2015,2,1/1/2015,5.93,eto,ref
Cana-Soca 2,2015,3,1/2/2015,4.37,eto,ref
Cana-Soca 2,2015,4,1/3/2015,5.67,eto,ref
Cana-Soca 2,2015,5,1/4/2015,3.03,eto,ref
Cana-Soca 2,2015,6,1/5/2015,5.17,eto,ref
Cana-Soca 2,2015,7,1/6/2015,3.64,eto,ref
Cana-Soca 2,2015,8,1/7/2015,5.76,eto,ref
Cana-Soca 2,2015,9,1/8/2015,6.02,eto,ref
Cana-Soca 2,2015,10,1/9/2015,5.34,eto,ref
Cana-Soca 2,2015,11,1/10/2015,6.05,eto,ref
Cana-Soca 2,2015,12,1/11/2015,5.58,eto,ref
Cana-Soca 2,2015,13,1/12/2015,6.13,eto,ref
Cana-Soca 2,2015,14,1/13/2015,6.03,eto,ref
Cana-Soca 2,2015,15,1/14/2015,5.09,eto,ref
Cana-Soca 2,2015,16,1/15/2015,5.59,eto,ref
Cana-Soca 2,2015,17,1/16/2015,5.66,eto,ref
Cana-Soca 2,2015,18,1/17/2015,5.16,eto,ref
Cana-Soca 2,2015,19,1/18/2015,5.37,eto,ref
Cana-Soca 2,2015,20,1/19/2015,6.39,eto,ref
Cana-Soca 2,2015,21,1/20/2015,5.8,eto,ref
Cana-Soca 2,2015,22,1/21/2015,4.34,eto,ref
Cana-Soca 2,2015,23,1/22/2015,4.62,eto,ref
Cana-Soca 2,2015,24,1/23/2015,3.59,eto,ref
Cana-Soca 2,2015,25,1/24/2015,4.34,eto,ref
Cana-Soca 2,2015,26,1/25/2015,4.42,eto,ref
Cana-Soca 2,2015,27,1/26/2015,4.2,eto,ref
Cana-Soca 2,2015,28,1/27/2015,4.23,eto,ref
Cana-Soca 2,2015,29,1/28/2015,2.95,eto,ref
Cana-Soca 2,2015,30,1/29/2015,3.6,eto,ref
Cana-Soca 2,2015,31,1/30/2015,3.57,eto,ref
Cana-Soca 2,2015,32,1/31/2015,4.83,eto,ref
Cana-Soca 2,2015,33,2/1/2015,5.26,eto,ref
Cana-Soca 2,2015,34,2/2/2015,4.33,eto,ref
Cana-Soca 2,2015,35,2/3/2015,5.84,eto,ref
Cana-Soca 2,2015,36,2/4/2015,2.51,eto,ref
Cana-Soca 2,2015,37,2/5/2015,0.96,eto,ref
Cana-Soca 2,2015,38,2/6/2015,2.97,eto,ref
Cana-Soca 2,2015,39,2/7/2015,4.56,eto,ref
Cana-Soca 2,2015,40,2/8/2015,4.37,eto,ref
Cana-Soca 2,2015,41,2/9/2015,4.09,eto,ref
Cana-Soca 2,2015,42,2/10/2015,2.48,eto,ref
Cana-Soca 2,2015,43,2/11/2015,4.34,eto,ref
Cana-Soca 2,2015,44,2/12/2015,3.9,eto,ref
Cana-Soca 2,2015,45,2/13/2015,1.77,eto,ref
Cana-Soca 2,2015,46,2/14/2015,4.32,eto,ref
Cana-Soca 2,2015,47,2/15/2015,3.53,eto,ref
Cana-Soca 2,2015,48,2/16/2015,2.8,eto,ref
Cana-Soca 2,2015,49,2/17/2015,2.93,eto,ref
Cana-Soca 2,2015,50,2/18/2015,2.89,eto,ref
Cana-Soca 2,2015,51,2/19/2015,3.08,eto,ref
Cana-Soca 2,2015,52,2/20/2015,3.34,eto,ref
Cana-Soca 2,2015,53,2/21/2015,4.99,eto,ref
Cana-Soca 2,2015,54,2/22/2015,4.86,eto,ref
Cana-Soca 2,2015,55,2/23/2015,5.04,eto,ref
Cana-Soca 2,2015,56,2/24/2015,5.79,eto,ref
Cana-Soca 2,2015,57,2/25/2015,3.68,eto,ref
Cana-Soca 2,2015,58,2/26/2015,5.46,eto,ref
Cana-Soca 2,2015,59,2/27/2015,4.7,eto,ref
Cana-Soca 2,2015,60,2/28/2015,3.86,eto,ref
Cana-Soca 2,2015,61,3/1/2015,4.64,eto,ref
Cana-Soca 2,2015,62,3/2/2015,5.08,eto,ref
Cana-Soca 2,2015,63,3/3/2015,4.3,eto,ref
Cana-Soca 2,2015,64,3/4/2015,4.42,eto,ref
Cana-Soca 2,2015,65,3/5/2015,4.3,eto,ref
Cana-Soca 2,2015,66,3/6/2015,3.12,eto,ref
Cana-Soca 2,2015,67,3/7/2015,2.99,eto,ref
Cana-Soca 2,2015,68,3/8/2015,1.55,eto,ref
Cana-Soca 2,2015,69,3/9/2015,1.22,eto,ref
Cana-Soca 2,2015,70,3/10/2015,2.17,eto,ref
Cana-Soca 2,2015,71,3/11/2015,3.24,eto,ref
Cana-Soca 2,2015,72,3/12/2015,2.04,eto,ref
Cana-Soca 2,2015,73,3/13/2015,2.89,eto,ref
Cana-Soca 2,2015,74,3/14/2015,1.43,eto,ref
Cana-Soca 2,2015,75,3/15/2015,2.58,eto,ref
Cana-Soca 2,2015,76,3/16/2015,3.97,eto,ref
Cana-Soca 2,2015,77,3/17/2015,2.22,eto,ref
Cana-Soca 2,2015,78,3/18/2015,1.93,eto,ref
Cana-Soca 2,2015,79,3/19/2015,1.57,eto,ref
Cana-Soca 2,2015,80,3/20/2015,1.88,eto,ref
Cana-Soca 2,2015,81,3/21/2015,1.83,eto,ref
Cana-Soca 2,2015,82,3/22/2015,2.27,eto,ref
Cana-Soca 2,2015,83,3/23/2015,3.8,eto,ref
Cana-Soca 2,2015,84,3/24/2015,3.58,eto,ref
Cana-Soca 2,2015,85,3/25/2015,4.09,eto,ref
Cana-Soca 2,2015,86,3/26/2015,3.58,eto,ref
Cana-Soca 2,2015,87,3/27/2015,3.97,eto,ref
Cana-Soca 2,2015,88,3/28/2015,3.65,eto,ref
Cana-Soca 2,2015,89,3/29/2015,2.86,eto,ref
Cana-Soca 2,2015,90,3/30/2015,1.66,eto,ref
Cana-Soca 2,2015,91,3/31/2015,3.71,eto,ref
Cana-Soca 2,2015,92,4/1/2015,4.15,eto,ref
Cana-Soca 2,2015,93,4/2/2015,3.97,eto,ref
Cana-Soca 2,2015,94,4/3/2015,3.95,eto,ref
Cana-Soca 2,2015,95,4/4/2015,3.09,eto,ref
Cana-Soca 2,2015,96,4/5/2015,2.43,eto,ref
Cana-Soca 2,2015,97,4/6/2015,3.61,eto,ref
Cana-Soca 2,2015,98,4/7/2015,2.36,eto,ref
Cana-Soca 2,2015,99,4/8/2015,3.32,eto,ref
Cana-Soca 2,2015,100,4/9/2015,3.23,eto,ref
Cana-Soca 2,2015,101,4/10/2015,3.04,eto,ref
Cana-Soca 2,2015,102,4/11/2015,3.54,eto,ref
Cana-Soca 2,2015,103,4/12/2015,3.35,eto,ref
Cana-Soca 2,2015,104,4/13/2015,3.27,eto,ref
Cana-Soca 2,2015,105,4/14/2015,3.07,eto,ref
Cana-Soca 2,2015,106,4/15/2015,2.37,eto,ref
Cana-Soca 2,2015,107,4/16/2015,3.25,eto,ref
Cana-Soca 2,2015,108,4/17/2015,3.41,eto,ref
Cana-Soca 2,2015,109,4/18/2015,2.85,eto,ref
Cana-Soca 2,2015,110,4/19/2015,2.32,eto,ref
Cana-Soca 2,2015,111,4/20/2015,3.71,eto,ref
Cana-Soca 2,2015,112,4/21/2015,3.33,eto,ref
Cana-Soca 2,2015,113,4/22/2015,2.55,eto,ref
Cana-Soca 2,2015,114,4/23/2015,3.42,eto,ref
Cana-Soca 2,2015,115,4/24/2015,2.81,eto,ref
Cana-Soca 2,2015,116,4/25/2015,2.84,eto,ref
Cana-Soca 2,2015,117,4/26/2015,2.78,eto,ref
Cana-Soca 2,2015,118,4/27/2015,2.58,eto,ref
Cana-Soca 2,2015,119,4/28/2015,2.49,eto,ref
Cana-Soca 2,2015,120,4/29/2015,2.19,eto,ref
Cana-Soca 2,2015,121,4/30/2015,2.42,eto,ref
Cana-Soca 2,2015,122,5/1/2015,2.75,eto,ref
Cana-Soca 2,2015,123,5/2/2015,2.58,eto,ref
Cana-Soca 2,2015,124,5/3/2015,2.42,eto,ref
Cana-Soca 2,2015,125,5/4/2015,1.28,eto,ref
Cana-Soca 2,2015,126,5/5/2015,2.64,eto,ref
Cana-Soca 2,2015,127,5/6/2015,2.18,eto,ref
Cana-Soca 2,2015,128,5/7/2015,2.51,eto,ref
Cana-Soca 2,2015,129,5/8/2015,2.58,eto,ref
Cana-Soca 2,2015,130,5/9/2015,2.66,eto,ref
Cana-Soca 2,2015,131,5/10/2015,2.14,eto,ref
Cana-Soca 2,2015,132,5/11/2015,1.31,eto,ref
Cana-Soca 2,2015,133,5/12/2015,2.14,eto,ref
Cana-Soca 2,2015,134,5/13/2015,1.24,eto,ref
Cana-Soca 2,2015,135,5/14/2015,2.22,eto,ref
Cana-Soca 2,2015,136,5/15/2015,1.4,eto,ref
Cana-Soca 2,2015,137,5/16/2015,2.15,eto,ref
Cana-Soca 2,2015,138,5/17/2015,2.17,eto,ref
Cana-Soca 2,2015,139,5/18/2015,1.1,eto,ref
Cana-Soca 2,2015,140,5/19/2015,1.49,eto,ref
Cana-Soca 2,2015,141,5/20/2015,1.5,eto,ref
Cana-Soca 2,2015,142,5/21/2015,2.03,eto,ref
Cana-Soca 2,2015,143,5/22/2015,2.39,eto,ref
Cana-Soca 2,2015,144,5/23/2015,1.56,eto,ref
Cana-Soca 2,2015,145,5/24/2015,2.18,eto,ref
Cana-Soca 2,2015,146,5/25/2015,2.59,eto,ref
Cana-Soca 2,2015,147,5/26/2015,2.62,eto,ref
Cana-Soca 2,2015,148,5/27/2015,2.9,eto,ref
Cana-Soca 2,2015,149,5/28/2015,0.63,eto,ref
Cana-Soca 2,2015,150,5/29/2015,1.9,eto,ref
Cana-Soca 2,2015,151,5/30/2015,1.79,eto,ref
Cana-Soca 2,2015,152,5/31/2015,0.66,eto,ref
Cana-Soca 2,2015,153,6/1/2015,1.04,eto,ref
Cana-Soca 2,2015,154,6/2/2015,0.81,eto,ref
Cana-Soca 2,2015,155,6/3/2015,1.94,eto,ref
Cana-Soca 2,2015,156,6/4/2015,2.39,eto,ref
Cana-Soca 2,2015,157,6/5/2015,2.34,eto,ref
Cana-Soca 2,2015,158,6/6/2015,2.67,eto,ref
Cana-Soca 2,2015,159,6/7/2015,2.34,eto,ref
Cana-Soca 3,2015,160,6/8/2015,2.43,eto,ref
Cana-Soca 3,2015,161,6/9/2015,2.35,eto,ref
Cana-Soca 3,2015,162,6/10/2015,2.61,eto,ref
Cana-Soca 3,2015,163,6/11/2015,2.6,eto,ref
Cana-Soca 3,2015,164,6/12/2015,2.44,eto,ref
Cana-Soca 3,2015,165,6/13/2015,2.56,eto,ref
Cana-Soca 3,2015,166,6/14/2015,2.46,eto,ref
Cana-Soca 3,2015,167,6/15/2015,0.85,eto,ref
Cana-Soca 3,2015,168,6/16/2015,2.12,eto,ref
Cana-Soca 3,2015,169,6/17/2015,1.98,eto,ref
Cana-Soca 3,2015,170,6/18/2015,2.15,eto,ref
Cana-Soca 3,2015,171,6/19/2015,1.19,eto,ref
Cana-Soca 3,2015,172,6/20/2015,2.08,eto,ref
Cana-Soca 3,2015,173,6/21/2015,2.12,eto,ref
Cana-Soca 3,2015,174,6/22/2015,2.17,eto,ref
Cana-Soca 3,2015,175,6/23/2015,2.06,eto,ref
Cana-Soca 3,2015,176,6/24/2015,1.03,eto,ref
Cana-Soca 3,2015,177,6/25/2015,1.95,eto,ref
Cana-Soca 3,2015,178,6/26/2015,1.79,eto,ref
Cana-Soca 3,2015,179,6/27/2015,1.88,eto,ref
Cana-Soca 3,2015,180,6/28/2015,1.94,eto,ref
Cana-Soca 3,2015,181,6/29/2015,2.08,eto,ref
Cana-Soca 3,2015,182,6/30/2015,1.57,eto,ref
Cana-Soca 3,2015,183,7/1/2015,0.71,eto,ref
Cana-Soca 3,2015,184,7/2/2015,0.81,eto,ref
Cana-Soca 3,2015,185,7/3/2015,0.53,eto,ref
Cana-Soca 3,2015,186,7/4/2015,0.81,eto,ref
Cana-Soca 3,2015,187,7/5/2015,0.8,eto,ref
Cana-Soca 3,2015,188,7/6/2015,1.67,eto,ref
Cana-Soca 3,2015,189,7/7/2015,0.3,eto,ref
Cana-Soca 3,2015,191,7/9/2015,1.06,eto,ref
Cana-Soca 3,2015,192,7/10/2015,2.03,eto,ref
Cana-Soca 3,2015,193,7/11/2015,0.84,eto,ref
Cana-Soca 3,2015,194,7/12/2015,2.73,eto,ref
Cana-Soca 3,2015,195,7/13/2015,2.99,eto,ref
Cana-Soca 3,2015,196,7/14/2015,2.63,eto,ref
Cana-Soca 3,2015,197,7/15/2015,2.16,eto,ref
Cana-Soca 3,2015,198,7/16/2015,1.82,eto,ref
Cana-Soca 3,2015,199,7/17/2015,1.76,eto,ref
Cana-Soca 3,2015,200,7/18/2015,2.27,eto,ref
Cana-Soca 3,2015,201,7/19/2015,2.52,eto,ref
Cana-Soca 3,2015,202,7/20/2015,2.51,eto,ref
Cana-Soca 3,2015,203,7/21/2015,1.25,eto,ref
Cana-Soca 3,2015,204,7/22/2015,1.99,eto,ref
Cana-Soca 3,2015,205,7/23/2015,2.29,eto,ref
Cana-Soca 3,2015,206,7/24/2015,2.01,eto,ref
Cana-Soca 3,2015,207,7/25/2015,1.48,eto,ref
Cana-Soca 3,2015,208,7/26/2015,1.33,eto,ref
Cana-Soca 3,2015,209,7/27/2015,2.26,eto,ref
Cana-Soca 3,2015,210,7/28/2015,2.43,eto,ref
Cana-Soca 3,2015,211,7/29/2015,2.4,eto,ref
Cana-Soca 3,2015,212,7/30/2015,2.59,eto,ref
Cana-Soca 3,2015,213,7/31/2015,2.74,eto,ref
Cana-Soca 3,2015,214,8/1/2015,2.68,eto,ref
Cana-Soca 3,2015,215,8/2/2015,2.81,eto,ref
Cana-Soca 3,2015,216,8/3/2015,2.98,eto,ref
Cana-Soca 3,2015,217,8/4/2015,2.88,eto,ref
Cana-Soca 3,2015,218,8/5/2015,2.81,eto,ref
Cana-Soca 3,2015,219,8/6/2015,2.97,eto,ref
Cana-Soca 3,2015,220,8/7/2015,2.96,eto,ref
Cana-Soca 3,2015,221,8/8/2015,2.84,eto,ref
Cana-Soca 3,2015,222,8/9/2015,2.92,eto,ref
Cana-Soca 3,2015,223,8/10/2015,3.03,eto,ref
Cana-Soca 3,2015,224,8/11/2015,2.96,eto,ref
Cana-Soca 3,2015,225,8/12/2015,2.75,eto,ref
Cana-Soca 3,2015,226,8/13/2015,2.91,eto,ref
Cana-Soca 3,2015,227,8/14/2015,2.87,eto,ref
Cana-Soca 3,2015,228,8/15/2015,2.83,eto,ref
Cana-Soca 3,2015,229,8/16/2015,2.82,eto,ref
Cana-Soca 3,2015,230,8/17/2015,3.03,eto,ref
Cana-Soca 3,2015,231,8/18/2015,2.16,eto,ref
Cana-Soca 3,2015,232,8/19/2015,3.27,eto,ref
Cana-Soca 3,2015,233,8/20/2015,2.5,eto,ref
Cana-Soca 3,2015,234,8/21/2015,2.77,eto,ref
Cana-Soca 3,2015,235,8/22/2015,2.81,eto,ref
Cana-Soca 3,2015,236,8/23/2015,2.88,eto,ref
Cana-Soca 3,2015,237,8/24/2015,2.09,eto,ref
Cana-Soca 3,2015,238,8/25/2015,1.55,eto,ref
Cana-Soca 3,2015,239,8/26/2015,3.06,eto,ref
Cana-Soca 3,2015,240,8/27/2015,0.43,eto,ref
Cana-Soca 3,2015,241,8/28/2015,2.49,eto,ref
Cana-Soca 3,2015,242,8/29/2015,3.1,eto,ref
Cana-Soca 3,2015,243,8/30/2015,3.29,eto,ref
Cana-Soca 3,2015,244,8/31/2015,3.68,eto,ref
Cana-Soca 3,2015,245,9/1/2015,3.89,eto,ref
Cana-Soca 3,2015,246,9/2/2015,3.53,eto,ref
Cana-Soca 3,2015,247,9/3/2015,3.49,eto,ref
Cana-Soca 3,2015,248,9/4/2015,2.46,eto,ref
Cana-Soca 3,2015,249,9/5/2015,2.48,eto,ref
Cana-Soca 3,2015,250,9/6/2015,1.92,eto,ref
Cana-Soca 3,2015,251,9/7/2015,1.5,eto,ref
Cana-Soca 3,2015,252,9/8/2015,0.57,eto,ref
Cana-Soca 3,2015,253,9/9/2015,1.62,eto,ref
Cana-Soca 3,2015,254,9/10/2015,1.38,eto,ref
Cana-Soca 3,2015,255,9/11/2015,1.05,eto,ref
Cana-Soca 3,2015,256,9/12/2015,1.38,eto,ref
Cana-Soca 3,2015,257,9/13/2015,2.67,eto,ref
Cana-Soca 3,2015,258,9/14/2015,3.19,eto,ref
Cana-Soca 3,2015,259,9/15/2015,3.64,eto,ref
Cana-Soca 3,2015,260,9/16/2015,4.58,eto,ref
Cana-Soca 3,2015,261,9/17/2015,4.32,eto,ref
Cana-Soca 3,2015,262,9/18/2015,4.72,eto,ref
Cana-Soca 3,2015,263,9/19/2015,4.68,eto,ref
Cana-Soca 3,2015,264,9/20/2015,4.56,eto,ref
Cana-Soca 3,2015,265,9/21/2015,4.39,eto,ref
Cana-Soca 3,2015,266,9/22/2015,4.55,eto,ref
Cana-Soca 3,2015,267,9/23/2015,4.5,eto,ref
Cana-Soca 3,2015,268,9/24/2015,4.57,eto,ref
Cana-Soca 3,2015,269,9/25/2015,3.76,eto,ref
Cana-Soca 3,2015,270,9/26/2015,2.62,eto,ref
Cana-Soca 3,2015,271,9/27/2015,4.26,eto,ref
Cana-Soca 3,2015,272,9/28/2015,2.08,eto,ref
Cana-Soca 3,2015,273,9/29/2015,2.94,eto,ref
Cana-Soca 3,2015,274,9/30/2015,3.14,eto,ref
Cana-Soca 3,2015,275,10/1/2015,3.9,eto,ref
Cana-Soca 3,2015,276,10/2/2015,4.61,eto,ref
Cana-Soca 3,2015,277,10/3/2015,2.73,eto,ref
Cana-Soca 3,2015,278,10/4/2015,2.4,eto,ref
Cana-Soca 3,2015,279,10/5/2015,4.25,eto,ref
Cana-Soca 3,2015,280,10/6/2015,4.32,eto,ref
Cana-Soca 3,2015,281,10/7/2015,4.48,eto,ref
Cana-Soca 3,2015,282,10/8/2015,5,eto,ref
Cana-Soca 3,2015,283,10/9/2015,4.61,eto,ref
Cana-Soca 3,2015,284,10/10/2015,3.1,eto,ref
Cana-Soca 3,2015,285,10/11/2015,3.23,eto,ref
Cana-Soca 3,2015,286,10/12/2015,3.72,eto,ref
Cana-Soca 3,2015,287,10/13/2015,3.95,eto,ref
Cana-Soca 3,2015,288,10/14/2015,4.89,eto,ref
Cana-Soca 3,2015,289,10/15/2015,5.08,eto,ref
Cana-Soca 3,2015,290,10/16/2015,4.76,eto,ref
Cana-Soca 3,2015,291,10/17/2015,5.35,eto,ref
Cana-Soca 3,2015,292,10/18/2015,4.15,eto,ref
Cana-Soca 3,2015,293,10/19/2015,4.69,eto,ref
Cana-Soca 3,2015,294,10/20/2015,5.04,eto,ref
Cana-Soca 3,2015,295,10/21/2015,4.22,eto,ref
Cana-Soca 3,2015,296,10/22/2015,3.5,eto,ref
Cana-Soca 3,2015,297,10/23/2015,2.95,eto,ref
Cana-Soca 3,2015,298,10/24/2015,4.71,eto,ref
Cana-Soca 3,2015,299,10/25/2015,4.88,eto,ref
Cana-Soca 3,2015,300,10/26/2015,3.83,eto,ref
Cana-Soca 3,2015,301,10/27/2015,3.73,eto,ref
Cana-Soca 3,2015,302,10/28/2015,2.62,eto,ref
Cana-Soca 3,2015,303,10/29/2015,4.84,eto,ref
Cana-Soca 3,2015,304,10/30/2015,5.09,eto,ref
Cana-Soca 3,2015,305,10/31/2015,2.29,eto,ref
Cana-Soca 3,2015,306,11/1/2015,1.18,eto,ref
Cana-Soca 3,2015,307,11/2/2015,2.87,eto,ref
Cana-Soca 3,2015,308,11/3/2015,1.85,eto,ref
Cana-Soca 3,2015,309,11/4/2015,2.55,eto,ref
Cana-Soca 3,2015,310,11/5/2015,2.83,eto,ref
Cana-Soca 3,2015,311,11/6/2015,3.04,eto,ref
Cana-Soca 3,2015,312,11/7/2015,2.12,eto,ref
Cana-Soca 3,2015,313,11/8/2015,1.42,eto,ref
Cana-Soca 3,2015,314,11/9/2015,3.14,eto,ref
Cana-Soca 3,2015,315,11/10/2015,4.2,eto,ref
Cana-Soca 3,2015,316,11/11/2015,4.68,eto,ref
Cana-Soca 3,2015,317,11/12/2015,4.9,eto,ref
Cana-Soca 3,2015,318,11/13/2015,3.92,eto,ref
Cana-Soca 3,2015,319,11/14/2015,4.61,eto,ref
Cana-Soca 3,2015,320,11/15/2015,4.69,eto,ref
Cana-Soca 3,2015,321,11/16/2015,4.09,eto,ref
Cana-Soca 3,2015,322,11/17/2015,4.17,eto,ref
Cana-Soca 3,2015,323,11/18/2015,5.26,eto,ref
Cana-Soca 3,2015,324,11/19/2015,4.88,eto,ref
Cana-Soca 3,2015,325,11/20/2015,3.39,eto,ref
Cana-Soca 3,2015,326,11/21/2015,3.85,eto,ref
Cana-Soca 3,2015,327,11/22/2015,5.07,eto,ref
Cana-Soca 3,2015,328,11/23/2015,1.29,eto,ref
Cana-Soca 3,2015,329,11/24/2015,1.39,eto,ref
Cana-Soca 3,2015,330,11/25/2015,1.7,eto,ref
Cana-Soca 3,2015,331,11/26/2015,3.57,eto,ref
Cana-Soca 3,2015,332,11/27/2015,4.38,eto,ref
Cana-Soca 3,2015,333,11/28/2015,4.25,eto,ref
Cana-Soca 3,2015,334,11/29/2015,2.47,eto,ref
Cana-Soca 3,2015,335,11/30/2015,3.47,eto,ref
Cana-Soca 3,2015,336,12/1/2015,3.72,eto,ref
Cana-Soca 3,2015,337,12/2/2015,4.34,eto,ref
Cana-Soca 3,2015,338,12/3/2015,3.04,eto,ref
Cana-Soca 3,2015,339,12/4/2015,3.76,eto,ref
Cana-Soca 3,2015,340,12/5/2015,5.43,eto,ref
Cana-Soca 3,2015,341,12/6/2015,5.16,eto,ref
Cana-Soca 3,2015,342,12/7/2015,5.79,eto,ref
Cana-Soca 3,2015,343,12/8/2015,4.58,eto,ref
Cana-Soca 3,2015,344,12/9/2015,2.79,eto,ref
Cana-Soca 3,2015,345,12/10/2015,2.65,eto,ref
Cana-Soca 3,2015,346,12/11/2015,1.25,eto,ref
Cana-Soca 3,2015,347,12/12/2015,1.22,eto,ref
Cana-Soca 3,2015,348,12/13/2015,3.46,eto,ref
Cana-Soca 3,2015,349,12/14/2015,3.73,eto,ref
Cana-Soca 3,2015,350,12/15/2015,1.4,eto,ref
Cana-Soca 3,2015,351,12/16/2015,4.52,eto,ref
Cana-Soca 3,2015,352,12/17/2015,5.36,eto,ref
Cana-Soca 3,2015,353,12/18/2015,3.97,eto,ref
Cana-Soca 3,2015,354,12/19/2015,3.94,eto,ref
Cana-Soca 3,2015,355,12/20/2015,4.62,eto,ref
Cana-Soca 3,2015,356,12/21/2015,4.97,eto,ref
Cana-Soca 3,2015,357,12/22/2015,4.64,eto,ref
Cana-Soca 3,2015,358,12/23/2015,4.9,eto,ref
Cana-Soca 3,2015,359,12/24/2015,3.24,eto,ref
Cana-Soca 3,2015,360,12/25/2015,4.8,eto,ref
Cana-Soca 3,2015,361,12/26/2015,5.2,eto,ref
Cana-Soca 3,2015,362,12/27/2015,2.85,eto,ref
Cana-Soca 3,2015,363,12/28/2015,5.2,eto,ref
Cana-Soca 3,2015,364,12/29/2015,2.63,eto,ref
Cana-Soca 3,2015,365,12/30/2015,3.74,eto,ref
Cana-Soca 3,2016,1,12/31/2015,5.79,eto,ref
Cana-Soca 3,2016,2,1/1/2016,4.03,eto,ref
Cana-Soca 3,2016,3,1/2/2016,4.62,eto,ref
Cana-Soca 3,2016,4,1/3/2016,3.18,eto,ref
Cana-Soca 3,2016,5,1/4/2016,3.76,eto,ref
Cana-Soca 3,2016,6,1/5/2016,5.43,eto,ref
Cana-Soca 3,2016,7,1/6/2016,5.16,eto,ref
Cana-Soca 3,2016,8,1/7/2016,5.79,eto,ref
Cana-Soca 3,2016,9,1/8/2016,4.58,eto,ref
Cana-Soca 3,2016,10,1/9/2016,2.79,eto,ref
Cana-Soca 3,2016,11,1/10/2016,2.65,eto,ref
Cana-Soca 3,2016,12,1/11/2016,1.25,eto,ref
Cana-Soca 3,2016,13,1/12/2016,1.22,eto,ref
Cana-Soca 3,2016,14,1/13/2016,3.46,eto,ref
Cana-Soca 3,2016,15,1/14/2016,3.73,eto,ref
Cana-Soca 3,2016,16,1/15/2016,1.4,eto,ref
Cana-Soca 3,2016,17,1/16/2016,4.52,eto,ref
Cana-Soca 3,2016,18,1/17/2016,5.36,eto,ref
Cana-Soca 3,2016,19,1/18/2016,3.97,eto,ref
Cana-Soca 3,2016,20,1/19/2016,3.94,eto,ref
Cana-Soca 3,2016,21,1/20/2016,4.62,eto,ref
Cana-Soca 3,2016,22,1/21/2016,4.97,eto,ref
Cana-Soca 3,2016,23,1/22/2016,4.64,eto,ref
Cana-Soca 3,2016,24,1/23/2016,4.9,eto,ref
Cana-Soca 3,2016,25,1/24/2016,3.24,eto,ref
Cana-Soca 3,2016,26,1/25/2016,4.8,eto,ref
Cana-Soca 3,2016,27,1/26/2016,5.2,eto,ref
Cana-Soca 3,2016,28,1/27/2016,2.85,eto,ref
Cana-Soca 3,2016,29,1/28/2016,5.2,eto,ref
Cana-Soca 3,2016,30,1/29/2016,2.63,eto,ref
Cana-Soca 3,2016,31,1/30/2016,3.74,eto,ref
Cana-Soca 3,2016,32,1/31/2016,5.79,eto,ref
Cana-Soca 3,2016,33,2/1/2016,5.03,eto,ref
Cana-Soca 3,2016,34,2/2/2016,5.45,eto,ref
Cana-Soca 3,2016,35,2/3/2016,5.61,eto,ref
Cana-Soca 3,2016,36,2/4/2016,4.86,eto,ref
Cana-Soca 3,2016,37,2/5/2016,4.64,eto,ref
Cana-Soca 3,2016,38,2/6/2016,4.01,eto,ref
Cana-Soca 3,2016,39,2/7/2016,5.6,eto,ref
Cana-Soca 3,2016,40,2/8/2016,5.47,eto,ref
Cana-Soca 3,2016,41,2/9/2016,5.07,eto,ref
Cana-Soca 3,2016,42,2/10/2016,5.5,eto,ref
Cana-Soca 3,2016,43,2/11/2016,5.03,eto,ref
Cana-Soca 3,2016,44,2/12/2016,5.53,eto,ref
Cana-Soca 3,2016,45,2/13/2016,5.23,eto,ref
Cana-Soca 3,2016,46,2/14/2016,5.17,eto,ref
Cana-Soca 3,2016,47,2/15/2016,4.8,eto,ref
Cana-Soca 3,2016,48,2/16/2016,4.17,eto,ref
Cana-Soca 3,2016,49,2/17/2016,4.1,eto,ref
Cana-Soca 3,2016,50,2/18/2016,5.08,eto,ref
Cana-Soca 3,2016,51,2/19/2016,4.84,eto,ref
Cana-Soca 3,2016,52,2/20/2016,4.8,eto,ref
Cana-Soca 3,2016,53,2/21/2016,2.37,eto,ref
Cana-Soca 3,2016,54,2/22/2016,2,eto,ref
Cana-Soca 3,2016,55,2/23/2016,2.41,eto,ref
Cana-Soca 3,2016,56,2/24/2016,2.99,eto,ref
Cana-Soca 3,2016,57,2/25/2016,4.06,eto,ref
Cana-Soca 3,2016,58,2/26/2016,4.52,eto,ref
Cana-Soca 3,2016,59,2/27/2016,3.05,eto,ref
Cana-Soca 3,2016,60,2/28/2016,3.66,eto,ref
Cana-Soca 3,2016,61,2/29/2016,2.4,eto,ref
Cana-Soca 3,2016,62,3/1/2016,1.34,eto,ref
Cana-Soca 3,2016,63,3/2/2016,2.47,eto,ref
Cana-Soca 3,2016,64,3/3/2016,2.01,eto,ref
Cana-Soca 3,2016,65,3/4/2016,3.59,eto,ref
Cana-Soca 3,2016,66,3/5/2016,3.84,eto,ref
Cana-Soca 3,2016,67,3/6/2016,3.38,eto,ref
Cana-Soca 3,2016,68,3/7/2016,3.16,eto,ref
Cana-Soca 3,2016,69,3/8/2016,3.78,eto,ref
Cana-Soca 3,2016,70,3/9/2016,3.93,eto,ref
Cana-Soca 3,2016,71,3/10/2016,3.11,eto,ref
Cana-Soca 3,2016,72,3/11/2016,3.18,eto,ref
Cana-Soca 3,2016,73,3/12/2016,4.01,eto,ref
Cana-Soca 3,2016,74,3/13/2016,3.45,eto,ref
Cana-Soca 3,2016,75,3/14/2016,3.61,eto,ref
Cana-Soca 3,2016,76,3/15/2016,2.67,eto,ref
Cana-Soca 3,2016,77,3/16/2016,2.21,eto,ref
Cana-Soca 3,2016,78,3/17/2016,3.54,eto,ref
Cana-Soca 3,2016,79,3/18/2016,4.37,eto,ref
Cana-Soca 3,2016,80,3/19/2016,4.84,eto,ref
Cana-Soca 3,2016,81,3/20/2016,4.3,eto,ref
Cana-Soca 3,2016,82,3/21/2016,3.77,eto,ref
Cana-Soca 3,2016,83,3/22/2016,1.85,eto,ref
Cana-Soca 3,2016,84,3/23/2016,3.11,eto,ref
Cana-Soca 3,2016,85,3/24/2016,3.46,eto,ref
Cana-Soca 3,2016,86,3/25/2016,2.15,eto,ref
Cana-Soca 3,2016,87,3/26/2016,2.94,eto,ref
Cana-Soca 3,2016,88,3/27/2016,3.1,eto,ref
Cana-Soca 3,2016,89,3/28/2016,3.7,eto,ref
Cana-Soca 3,2016,90,3/29/2016,3.73,eto,ref
Cana-Soca 3,2016,91,3/30/2016,3.7,eto,ref
Cana-Soca 3,2016,92,3/31/2016,4.37,eto,ref
Cana-Soca 3,2016,93,4/1/2016,4.21,eto,ref
Cana-Soca 3,2016,94,4/2/2016,4.12,eto,ref
Cana-Soca 3,2016,95,4/3/2016,4.64,eto,ref
Cana-Soca 3,2016,96,4/4/2016,4.74,eto,ref
Cana-Soca 3,2016,97,4/5/2016,4.39,eto,ref
Cana-Soca 3,2016,98,4/6/2016,4.19,eto,ref
Cana-Soca 3,2016,99,4/7/2016,4.23,eto,ref
Cana-Soca 3,2016,100,4/8/2016,4.28,eto,ref
Cana-Soca 3,2016,101,4/9/2016,4.3,eto,ref
Cana-Soca 3,2016,102,4/10/2016,4.69,eto,ref
Cana-Soca 3,2016,103,4/11/2016,3.78,eto,ref
Cana-Soca 3,2016,104,4/12/2016,4.35,eto,ref
Cana-Soca 3,2016,105,4/13/2016,3.95,eto,ref
Cana-Soca 3,2016,106,4/14/2016,3.6,eto,ref
Cana-Soca 3,2016,107,4/15/2016,3.75,eto,ref
Cana-Soca 3,2016,108,4/16/2016,4.1,eto,ref
Cana-Soca 3,2016,109,4/17/2016,4.17,eto,ref
Cana-Soca 3,2016,110,4/18/2016,4.3,eto,ref
Cana-Soca 3,2016,111,4/19/2016,4.09,eto,ref
Cana-Soca 3,2016,112,4/20/2016,4.05,eto,ref
Cana-Soca 3,2016,113,4/21/2016,3.8,eto,ref
Cana-Soca 3,2016,114,4/22/2016,3.99,eto,ref
Cana-Soca 3,2016,115,4/23/2016,4.02,eto,ref
Cana-Soca 3,2016,116,4/24/2016,3.81,eto,ref
Cana-Soca 3,2016,117,4/25/2016,3.89,eto,ref
Cana-Planta,2013,44,2/13/2013,5,ET,WithoutStraw
Cana-Planta,2013,45,2/14/2013,5.37,ET,WithoutStraw
Cana-Planta,2013,46,2/15/2013,4.94,ET,WithoutStraw
Cana-Planta,2013,47,2/16/2013,5.27,ET,WithoutStraw
Cana-Planta,2013,48,2/17/2013,3.08,ET,WithoutStraw
Cana-Planta,2013,49,2/18/2013,4.61,ET,WithoutStraw
Cana-Planta,2013,50,2/19/2013,5,ET,WithoutStraw
Cana-Planta,2013,51,2/20/2013,4.21,ET,WithoutStraw
Cana-Planta,2013,52,2/21/2013,2.41,ET,WithoutStraw
Cana-Planta,2013,53,2/22/2013,3.33,ET,WithoutStraw
Cana-Planta,2013,54,2/23/2013,2.09,ET,WithoutStraw
Cana-Planta,2013,55,2/24/2013,3.98,ET,WithoutStraw
Cana-Planta,2013,56,2/25/2013,2.65,ET,WithoutStraw
Cana-Planta,2013,57,2/26/2013,2.26,ET,WithoutStraw
Cana-Planta,2013,58,2/27/2013,3.1,ET,WithoutStraw
Cana-Planta,2013,59,2/28/2013,5.06,ET,WithoutStraw
Cana-Planta,2013,60,3/1/2013,3.98,ET,WithoutStraw
Cana-Planta,2013,61,3/2/2013,4.76,ET,WithoutStraw
Cana-Planta,2013,62,3/3/2013,5.14,ET,WithoutStraw
Cana-Planta,2013,63,3/4/2013,5.47,ET,WithoutStraw
Cana-Planta,2013,67,3/8/2013,4.01,ET,WithoutStraw
Cana-Planta,2013,68,3/9/2013,3.72,ET,WithoutStraw
Cana-Planta,2013,69,3/10/2013,3.68,ET,WithoutStraw
Cana-Planta,2013,70,3/11/2013,3.78,ET,WithoutStraw
Cana-Planta,2013,71,3/12/2013,4.42,ET,WithoutStraw
Cana-Planta,2013,72,3/13/2013,2.72,ET,WithoutStraw
Cana-Planta,2013,73,3/14/2013,1.9,ET,WithoutStraw
Cana-Planta,2013,74,3/15/2013,4.03,ET,WithoutStraw
Cana-Planta,2013,75,3/16/2013,2.82,ET,WithoutStraw
Cana-Planta,2013,76,3/17/2013,1.25,ET,WithoutStraw
Cana-Planta,2013,77,3/18/2013,2.88,ET,WithoutStraw
Cana-Planta,2013,78,3/19/2013,1.76,ET,WithoutStraw
Cana-Planta,2013,79,3/20/2013,1.25,ET,WithoutStraw
Cana-Planta,2013,80,3/21/2013,2.52,ET,WithoutStraw
Cana-Planta,2013,81,3/22/2013,2.11,ET,WithoutStraw
Cana-Planta,2013,82,3/23/2013,2.52,ET,WithoutStraw
Cana-Planta,2013,83,3/24/2013,3.07,ET,WithoutStraw
Cana-Planta,2013,84,3/25/2013,2.54,ET,WithoutStraw
Cana-Planta,2013,85,3/26/2013,0.82,ET,WithoutStraw
Cana-Planta,2013,86,3/27/2013,1.96,ET,WithoutStraw
Cana-Planta,2013,87,3/28/2013,5.15,ET,WithoutStraw
Cana-Planta,2013,88,3/29/2013,4.15,ET,WithoutStraw
Cana-Planta,2013,89,3/30/2013,3.74,ET,WithoutStraw
Cana-Planta,2013,90,3/31/2013,3.59,ET,WithoutStraw
Cana-Planta,2013,91,4/1/2013,4.31,ET,WithoutStraw
Cana-Planta,2013,92,4/2/2013,0.82,ET,WithoutStraw
Cana-Planta,2013,93,4/3/2013,2.74,ET,WithoutStraw
Cana-Planta,2013,94,4/4/2013,2.25,ET,WithoutStraw
Cana-Planta,2013,95,4/5/2013,1.78,ET,WithoutStraw
Cana-Planta,2013,96,4/6/2013,4.14,ET,WithoutStraw
Cana-Planta,2013,97,4/7/2013,3.85,ET,WithoutStraw
Cana-Planta,2013,98,4/8/2013,4.15,ET,WithoutStraw
Cana-Planta,2013,99,4/9/2013,4.52,ET,WithoutStraw
Cana-Planta,2013,100,4/10/2013,2.21,ET,WithoutStraw
Cana-Planta,2013,101,4/11/2013,3.46,ET,WithoutStraw
Cana-Planta,2013,102,4/12/2013,2.81,ET,WithoutStraw
Cana-Planta,2013,103,4/13/2013,1.09,ET,WithoutStraw
Cana-Planta,2013,104,4/14/2013,2.44,ET,WithoutStraw
Cana-Planta,2013,105,4/15/2013,3.72,ET,WithoutStraw
Cana-Planta,2013,106,4/16/2013,4.18,ET,WithoutStraw
Cana-Planta,2013,107,4/17/2013,3.97,ET,WithoutStraw
Cana-Planta,2013,108,4/18/2013,4.41,ET,WithoutStraw
Cana-Planta,2013,109,4/19/2013,3.86,ET,WithoutStraw
Cana-Planta,2013,110,4/20/2013,3.03,ET,WithoutStraw
Cana-Planta,2013,111,4/21/2013,2.69,ET,WithoutStraw
Cana-Planta,2013,112,4/22/2013,2.61,ET,WithoutStraw
Cana-Planta,2013,113,4/23/2013,2.19,ET,WithoutStraw
Cana-Planta,2013,114,4/24/2013,2.55,ET,WithoutStraw
Cana-Planta,2013,115,4/25/2013,2.11,ET,WithoutStraw
Cana-Planta,2013,116,4/26/2013,1.82,ET,WithoutStraw
Cana-Planta,2013,122,5/2/2013,3.16,ET,WithoutStraw
Cana-Planta,2013,123,5/3/2013,3.42,ET,WithoutStraw
Cana-Planta,2013,124,5/4/2013,3.45,ET,WithoutStraw
Cana-Planta,2013,125,5/5/2013,3.24,ET,WithoutStraw
Cana-Planta,2013,126,5/6/2013,3.63,ET,WithoutStraw
Cana-Planta,2013,127,5/7/2013,3.58,ET,WithoutStraw
Cana-Planta,2013,128,5/8/2013,3.74,ET,WithoutStraw
Cana-Planta,2013,129,5/9/2013,3.66,ET,WithoutStraw
Cana-Planta,2013,130,5/10/2013,3.85,ET,WithoutStraw
Cana-Planta,2013,131,5/11/2013,3.55,ET,WithoutStraw
Cana-Planta,2013,132,5/12/2013,3.33,ET,WithoutStraw
Cana-Planta,2013,133,5/13/2013,2.54,ET,WithoutStraw
Cana-Planta,2013,134,5/14/2013,2.81,ET,WithoutStraw
Cana-Planta,2013,135,5/15/2013,2.5,ET,WithoutStraw
Cana-Planta,2013,136,5/16/2013,2.29,ET,WithoutStraw
Cana-Planta,2013,137,5/17/2013,2.39,ET,WithoutStraw
Cana-Planta,2013,143,5/23/2013,0.35,ET,WithoutStraw
Cana-Planta,2013,146,5/26/2013,2.37,ET,WithoutStraw
Cana-Planta,2013,148,5/28/2013,0.38,ET,WithoutStraw
Cana-Planta,2013,149,5/29/2013,0.45,ET,WithoutStraw
Cana-Planta,2013,150,5/30/2013,2.07,ET,WithoutStraw
Cana-Planta,2013,151,5/31/2013,2.65,ET,WithoutStraw
Cana-Planta,2013,152,6/1/2013,3.24,ET,WithoutStraw
Cana-Planta,2013,154,6/3/2013,1.25,ET,WithoutStraw
Cana-Planta,2013,155,6/4/2013,2.66,ET,WithoutStraw
Cana-Planta,2013,156,6/5/2013,2.55,ET,WithoutStraw
Cana-Planta,2013,157,6/6/2013,3.14,ET,WithoutStraw
Cana-Planta,2013,158,6/7/2013,2.87,ET,WithoutStraw
Cana-Planta,2013,159,6/8/2013,2.02,ET,WithoutStraw
Cana-Planta,2013,160,6/9/2013,2.33,ET,WithoutStraw
Cana-Planta,2013,161,6/10/2013,2.39,ET,WithoutStraw
Cana-Planta,2013,162,6/11/2013,1.83,ET,WithoutStraw
Cana-Planta,2013,163,6/12/2013,1.65,ET,WithoutStraw
Cana-Planta,2013,164,6/13/2013,1.53,ET,WithoutStraw
Cana-Planta,2013,165,6/14/2013,1.58,ET,WithoutStraw
Cana-Planta,2013,166,6/15/2013,1.37,ET,WithoutStraw
Cana-Planta,2013,167,6/16/2013,2.3,ET,WithoutStraw
Cana-Planta,2013,168,6/17/2013,2.9,ET,WithoutStraw
Cana-Planta,2013,169,6/18/2013,2.42,ET,WithoutStraw
Cana-Planta,2013,170,6/19/2013,1.9,ET,WithoutStraw
Cana-Planta,2013,171,6/20/2013,1.51,ET,WithoutStraw
Cana-Planta,2013,172,6/21/2013,2.32,ET,WithoutStraw
Cana-Planta,2013,173,6/22/2013,1.8,ET,WithoutStraw
Cana-Planta,2013,174,6/23/2013,1.37,ET,WithoutStraw
Cana-Planta,2013,175,6/24/2013,1.68,ET,WithoutStraw
Cana-Planta,2013,176,6/25/2013,0.46,ET,WithoutStraw
Cana-Planta,2013,178,6/27/2013,1.23,ET,WithoutStraw
Cana-Planta,2013,179,6/28/2013,1.92,ET,WithoutStraw
Cana-Planta,2013,180,6/29/2013,2.16,ET,WithoutStraw
Cana-Planta,2013,181,6/30/2013,0.98,ET,WithoutStraw
Cana-Planta,2013,182,7/1/2013,0.96,ET,WithoutStraw
Cana-Soca 1,2014,23,1/23/2014,8.54,ET,WithoutStraw
Cana-Soca 1,2014,24,1/24/2014,8.31,ET,WithoutStraw
Cana-Soca 1,2014,25,1/25/2014,9,ET,WithoutStraw
Cana-Soca 1,2014,26,1/26/2014,8.7,ET,WithoutStraw
Cana-Soca 1,2014,27,1/27/2014,8.86,ET,WithoutStraw
Cana-Soca 1,2014,30,1/30/2014,8.47,ET,WithoutStraw
Cana-Soca 1,2014,62,3/3/2014,5.84,ET,WithoutStraw
Cana-Soca 1,2014,71,3/12/2014,3.18,ET,WithoutStraw
Cana-Soca 1,2014,77,3/18/2014,7.36,ET,WithoutStraw
Cana-Soca 1,2014,92,4/2/2014,5.45,ET,WithoutStraw
Cana-Soca 1,2014,115,4/25/2014,4.32,ET,WithoutStraw
Cana-Soca 1,2014,116,4/26/2014,4.63,ET,WithoutStraw
Cana-Soca 1,2014,117,4/27/2014,5.03,ET,WithoutStraw
Cana-Soca 1,2014,118,4/28/2014,5.81,ET,WithoutStraw
Cana-Soca 1,2014,123,5/3/2014,4.78,ET,WithoutStraw
Cana-Soca 1,2014,129,5/9/2014,5.05,ET,WithoutStraw
Cana-Soca 1,2014,130,5/10/2014,5.51,ET,WithoutStraw
Cana-Soca 1,2014,131,5/11/2014,5.1,ET,WithoutStraw
Cana-Soca 1,2014,144,5/24/2014,0.7,ET,WithoutStraw
Cana-Soca 1,2014,145,5/25/2014,1.23,ET,WithoutStraw
Cana-Soca 1,2014,147,5/27/2014,1.8,ET,WithoutStraw
Cana-Soca 1,2014,148,5/28/2014,2.07,ET,WithoutStraw
Cana-Soca 1,2014,149,5/29/2014,4.09,ET,WithoutStraw
Cana-Soca 1,2014,154,6/3/2014,5,ET,WithoutStraw
Cana-Soca 1,2014,155,6/4/2014,5.59,ET,WithoutStraw
Cana-Soca 1,2014,156,6/5/2014,4.5,ET,WithoutStraw
Cana-Soca 1,2014,158,6/7/2014,5.08,ET,WithoutStraw
Cana-Soca 1,2014,159,6/8/2014,5.03,ET,WithoutStraw
Cana-Soca 1,2014,160,6/9/2014,4.56,ET,WithoutStraw
Cana-Soca 1,2014,161,6/10/2014,3.58,ET,WithoutStraw
Cana-Soca 1,2014,162,6/11/2014,5.31,ET,WithoutStraw
Cana-Soca 1,2014,163,6/12/2014,5.85,ET,WithoutStraw
Cana-Soca 1,2014,164,6/13/2014,5.72,ET,WithoutStraw
Cana-Soca 1,2014,165,6/14/2014,5.01,ET,WithoutStraw
Cana-Soca 1,2014,166,6/15/2014,5.2,ET,WithoutStraw
Cana-Soca 1,2014,167,6/16/2014,5.16,ET,WithoutStraw
Cana-Soca 1,2014,168,6/17/2014,3.89,ET,WithoutStraw
Cana-Soca 1,2014,169,6/18/2014,3.92,ET,WithoutStraw
Cana-Soca 1,2014,170,6/19/2014,3.23,ET,WithoutStraw
Cana-Soca 1,2014,171,6/20/2014,4.79,ET,WithoutStraw
Cana-Soca 1,2014,172,6/21/2014,5.03,ET,WithoutStraw
Cana-Soca 1,2014,173,6/22/2014,4.84,ET,WithoutStraw
Cana-Soca 1,2014,174,6/23/2014,4.29,ET,WithoutStraw
Cana-Soca 1,2014,175,6/24/2014,5.73,ET,WithoutStraw
Cana-Soca 1,2014,176,6/25/2014,4.69,ET,WithoutStraw
Cana-Soca 2,2014,212,7/31/2014,2.52,ET,WithoutStraw
Cana-Soca 2,2014,213,8/1/2014,2.62,ET,WithoutStraw
Cana-Soca 2,2014,214,8/2/2014,2.57,ET,WithoutStraw
Cana-Soca 2,2014,215,8/3/2014,2.8,ET,WithoutStraw
Cana-Soca 2,2014,216,8/4/2014,2.64,ET,WithoutStraw
Cana-Soca 2,2014,217,8/5/2014,2.58,ET,WithoutStraw
Cana-Soca 2,2014,218,8/6/2014,2.59,ET,WithoutStraw
Cana-Soca 2,2014,219,8/7/2014,2.52,ET,WithoutStraw
Cana-Soca 2,2014,220,8/8/2014,2.76,ET,WithoutStraw
Cana-Soca 2,2014,221,8/9/2014,2.25,ET,WithoutStraw
Cana-Soca 2,2014,222,8/10/2014,2.53,ET,WithoutStraw
Cana-Soca 2,2014,226,8/14/2014,3.29,ET,WithoutStraw
Cana-Soca 2,2014,227,8/15/2014,2.34,ET,WithoutStraw
Cana-Soca 2,2014,230,8/18/2014,3.62,ET,WithoutStraw
Cana-Soca 2,2014,231,8/19/2014,3.5,ET,WithoutStraw
Cana-Soca 2,2014,233,8/21/2014,2.91,ET,WithoutStraw
Cana-Soca 2,2014,234,8/22/2014,2.73,ET,WithoutStraw
Cana-Soca 2,2014,235,8/23/2014,2.26,ET,WithoutStraw
Cana-Soca 2,2014,236,8/24/2014,2.47,ET,WithoutStraw
Cana-Soca 2,2014,237,8/25/2014,2.39,ET,WithoutStraw
Cana-Soca 2,2014,238,8/26/2014,2.93,ET,WithoutStraw
Cana-Soca 2,2014,239,8/27/2014,2.51,ET,WithoutStraw
Cana-Soca 2,2014,241,8/29/2014,2.99,ET,WithoutStraw
Cana-Soca 2,2014,245,9/1/2014,3.31,ET,WithoutStraw
Cana-Soca 2,2014,246,9/2/2014,3.2,ET,WithoutStraw
Cana-Soca 2,2014,247,9/3/2014,3.31,ET,WithoutStraw
Cana-Soca 2,2014,248,9/4/2014,3.38,ET,WithoutStraw
Cana-Soca 2,2014,249,9/5/2014,3.07,ET,WithoutStraw
Cana-Soca 2,2014,250,9/6/2014,2.83,ET,WithoutStraw
Cana-Soca 2,2014,251,9/7/2014,2.61,ET,WithoutStraw
Cana-Soca 2,2014,252,9/8/2014,3.06,ET,WithoutStraw
Cana-Soca 2,2014,253,9/9/2014,2.88,ET,WithoutStraw
Cana-Soca 2,2014,254,9/10/2014,2.97,ET,WithoutStraw
Cana-Soca 2,2014,255,9/11/2014,2.96,ET,WithoutStraw
Cana-Soca 2,2014,256,9/12/2014,3.05,ET,WithoutStraw
Cana-Soca 2,2014,257,9/13/2014,2.82,ET,WithoutStraw
Cana-Soca 2,2014,258,9/14/2014,2.3,ET,WithoutStraw
Cana-Soca 2,2014,259,9/15/2014,2.97,ET,WithoutStraw
Cana-Soca 2,2014,260,9/16/2014,3.23,ET,WithoutStraw
Cana-Soca 2,2014,261,9/17/2014,2.3,ET,WithoutStraw
Cana-Soca 2,2014,264,9/20/2014,3.63,ET,WithoutStraw
Cana-Soca 2,2014,265,9/21/2014,4.25,ET,WithoutStraw
Cana-Soca 2,2014,266,9/22/2014,3.34,ET,WithoutStraw
Cana-Soca 2,2014,275,10/1/2014,3.76,ET,WithoutStraw
Cana-Soca 2,2014,276,10/2/2014,4.18,ET,WithoutStraw
Cana-Soca 2,2014,277,10/3/2014,3.99,ET,WithoutStraw
Cana-Soca 2,2014,278,10/4/2014,3.79,ET,WithoutStraw
Cana-Soca 2,2014,279,10/5/2014,3.4,ET,WithoutStraw
Cana-Soca 2,2014,280,10/6/2014,2.21,ET,WithoutStraw
Cana-Soca 2,2014,287,10/13/2014,3.51,ET,WithoutStraw
Cana-Soca 2,2014,288,10/14/2014,3.61,ET,WithoutStraw
Cana-Soca 2,2014,290,10/16/2014,3.48,ET,WithoutStraw
Cana-Soca 2,2014,293,10/19/2014,2.82,ET,WithoutStraw
Cana-Soca 2,2014,294,10/20/2014,3.03,ET,WithoutStraw
Cana-Soca 2,2014,295,10/21/2014,3.65,ET,WithoutStraw
Cana-Soca 2,2014,296,10/22/2014,4.54,ET,WithoutStraw
Cana-Soca 2,2014,299,10/25/2014,3.9,ET,WithoutStraw
Cana-Soca 2,2014,300,10/26/2014,4.11,ET,WithoutStraw
Cana-Soca 2,2014,301,10/27/2014,4.31,ET,WithoutStraw
Cana-Soca 2,2014,302,10/28/2014,4.26,ET,WithoutStraw
Cana-Soca 2,2014,303,10/29/2014,3.85,ET,WithoutStraw
Cana-Soca 2,2014,304,10/30/2014,3.35,ET,WithoutStraw
Cana-Soca 2,2014,313,11/8/2014,4.57,ET,WithoutStraw
Cana-Soca 2,2014,323,11/18/2014,4.78,ET,WithoutStraw
Cana-Soca 2,2014,324,11/19/2014,2.15,ET,WithoutStraw
Cana-Soca 2,2014,325,11/20/2014,4.8,ET,WithoutStraw
Cana-Soca 2,2014,332,11/27/2014,3.89,ET,WithoutStraw
Cana-Soca 2,2014,333,11/28/2014,3.32,ET,WithoutStraw
Cana-Soca 2,2014,334,11/29/2014,4.35,ET,WithoutStraw
Cana-Soca 2,2014,336,12/1/2014,4.8,ET,WithoutStraw
Cana-Soca 2,2014,337,12/2/2014,3.9,ET,WithoutStraw
Cana-Soca 2,2014,338,12/3/2014,3.59,ET,WithoutStraw
Cana-Soca 2,2014,341,12/6/2014,4.76,ET,WithoutStraw
Cana-Soca 2,2014,342,12/7/2014,4.06,ET,WithoutStraw
Cana-Soca 2,2014,352,12/17/2014,6.29,ET,WithoutStraw
Cana-Soca 2,2014,359,12/24/2014,6.54,ET,WithoutStraw
Cana-Soca 2,2014,360,12/25/2014,6.93,ET,WithoutStraw
Cana-Soca 2,2014,361,12/26/2014,6.94,ET,WithoutStraw
Cana-Soca 2,2015,8,1/7/2015,7.16,ET,WithoutStraw
Cana-Soca 2,2015,10,1/9/2015,7,ET,WithoutStraw
Cana-Soca 2,2015,11,1/10/2015,6.65,ET,WithoutStraw
Cana-Soca 2,2015,12,1/11/2015,6.63,ET,WithoutStraw
Cana-Soca 2,2015,13,1/12/2015,6.75,ET,WithoutStraw
Cana-Soca 2,2015,14,1/13/2015,4.96,ET,WithoutStraw
Cana-Soca 2,2015,15,1/14/2015,6.16,ET,WithoutStraw
Cana-Soca 2,2015,16,1/15/2015,6.65,ET,WithoutStraw
Cana-Soca 2,2015,17,1/16/2015,6.06,ET,WithoutStraw
Cana-Soca 2,2015,18,1/17/2015,6.01,ET,WithoutStraw
Cana-Soca 2,2015,19,1/18/2015,6.08,ET,WithoutStraw
Cana-Soca 2,2015,22,1/21/2015,3.66,ET,WithoutStraw
Cana-Soca 2,2015,23,1/22/2015,4.25,ET,WithoutStraw
Cana-Soca 2,2015,24,1/23/2015,5.55,ET,WithoutStraw
Cana-Soca 2,2015,27,1/26/2015,5.65,ET,WithoutStraw
Cana-Soca 2,2015,28,1/27/2015,3.06,ET,WithoutStraw
Cana-Soca 2,2015,31,1/30/2015,4.61,ET,WithoutStraw
Cana-Soca 2,2015,32,1/31/2015,5.86,ET,WithoutStraw
Cana-Soca 2,2015,39,2/7/2015,4.26,ET,WithoutStraw
Cana-Soca 2,2015,40,2/8/2015,4.05,ET,WithoutStraw
Cana-Soca 2,2015,53,2/21/2015,3.74,ET,WithoutStraw
Cana-Soca 2,2015,54,2/22/2015,4.05,ET,WithoutStraw
Cana-Soca 2,2015,55,2/23/2015,3.66,ET,WithoutStraw
Cana-Soca 2,2015,60,2/28/2015,5.66,ET,WithoutStraw
Cana-Soca 2,2015,61,3/1/2015,6.46,ET,WithoutStraw
Cana-Soca 2,2015,62,3/2/2015,5.32,ET,WithoutStraw
Cana-Soca 2,2015,79,3/19/2015,2.97,ET,WithoutStraw
Cana-Soca 2,2015,81,3/21/2015,3,ET,WithoutStraw
Cana-Soca 2,2015,82,3/22/2015,4.46,ET,WithoutStraw
Cana-Soca 2,2015,83,3/23/2015,4.71,ET,WithoutStraw
Cana-Soca 2,2015,84,3/24/2015,3.2,ET,WithoutStraw
Cana-Soca 2,2015,85,3/25/2015,2.46,ET,WithoutStraw
Cana-Soca 2,2015,86,3/26/2015,2.93,ET,WithoutStraw
Cana-Soca 2,2015,87,3/27/2015,2.43,ET,WithoutStraw
Cana-Soca 2,2015,90,3/30/2015,1.66,ET,WithoutStraw
Cana-Soca 2,2015,91,3/31/2015,2.36,ET,WithoutStraw
Cana-Soca 2,2015,95,4/4/2015,0.88,ET,WithoutStraw
Cana-Soca 2,2015,97,4/6/2015,1.41,ET,WithoutStraw
Cana-Soca 2,2015,98,4/7/2015,2.93,ET,WithoutStraw
Cana-Soca 2,2015,99,4/8/2015,2.59,ET,WithoutStraw
Cana-Soca 2,2015,100,4/9/2015,2.27,ET,WithoutStraw
Cana-Soca 2,2015,104,4/13/2015,1.85,ET,WithoutStraw
Cana-Soca 2,2015,106,4/15/2015,1.13,ET,WithoutStraw
Cana-Soca 2,2015,107,4/16/2015,2.24,ET,WithoutStraw
Cana-Soca 2,2015,110,4/19/2015,1.41,ET,WithoutStraw
Cana-Soca 2,2015,112,4/21/2015,1.19,ET,WithoutStraw
Cana-Soca 2,2015,113,4/22/2015,1.65,ET,WithoutStraw
Cana-Soca 2,2015,115,4/24/2015,1.28,ET,WithoutStraw
Cana-Soca 2,2015,116,4/25/2015,1.1,ET,WithoutStraw
Cana-Soca 2,2015,117,4/26/2015,1.93,ET,WithoutStraw
Cana-Soca 2,2015,118,4/27/2015,1.59,ET,WithoutStraw
Cana-Soca 2,2015,120,4/29/2015,1.13,ET,WithoutStraw
Cana-Soca 3,2015,273,9/29/2015,3.26,ET,WithoutStraw
Cana-Soca 3,2015,274,9/30/2015,4.11,ET,WithoutStraw
Cana-Soca 3,2015,275,10/1/2015,4.98,ET,WithoutStraw
Cana-Soca 3,2015,276,10/2/2015,2.45,ET,WithoutStraw
Cana-Soca 3,2015,277,10/3/2015,2.2,ET,WithoutStraw
Cana-Soca 3,2015,278,10/4/2015,4.72,ET,WithoutStraw
Cana-Soca 3,2015,279,10/5/2015,4.4,ET,WithoutStraw
Cana-Soca 3,2015,280,10/6/2015,4.5,ET,WithoutStraw
Cana-Soca 3,2015,281,10/7/2015,4.95,ET,WithoutStraw
Cana-Soca 3,2015,282,10/8/2015,3.82,ET,WithoutStraw
Cana-Soca 3,2015,283,10/9/2015,3.03,ET,WithoutStraw
Cana-Soca 3,2015,284,10/10/2015,3.42,ET,WithoutStraw
Cana-Soca 3,2015,285,10/11/2015,4.24,ET,WithoutStraw
Cana-Soca 3,2015,286,10/12/2015,4.52,ET,WithoutStraw
Cana-Soca 3,2015,287,10/13/2015,5.83,ET,WithoutStraw
Cana-Soca 3,2015,288,10/14/2015,5.82,ET,WithoutStraw
Cana-Soca 3,2015,289,10/15/2015,5.07,ET,WithoutStraw
Cana-Soca 3,2015,293,10/19/2015,4.17,ET,WithoutStraw
Cana-Soca 3,2015,294,10/20/2015,3.81,ET,WithoutStraw
Cana-Soca 3,2015,296,10/22/2015,2.66,ET,WithoutStraw
Cana-Soca 3,2015,297,10/23/2015,4.77,ET,WithoutStraw
Cana-Soca 3,2015,298,10/24/2015,4.4,ET,WithoutStraw
Cana-Soca 3,2015,299,10/25/2015,3.71,ET,WithoutStraw
Cana-Soca 3,2015,300,10/26/2015,3.17,ET,WithoutStraw
Cana-Soca 3,2015,302,10/28/2015,4.62,ET,WithoutStraw
Cana-Soca 3,2015,303,10/29/2015,4.65,ET,WithoutStraw
Cana-Soca 3,2015,304,10/30/2015,2.12,ET,WithoutStraw
Cana-Soca 3,2015,309,11/4/2015,2.43,ET,WithoutStraw
Cana-Soca 3,2015,310,11/5/2015,2.09,ET,WithoutStraw
Cana-Soca 3,2015,311,11/6/2015,1.62,ET,WithoutStraw
Cana-Soca 3,2015,313,11/8/2015,2.73,ET,WithoutStraw
Cana-Soca 3,2015,314,11/9/2015,3.97,ET,WithoutStraw
Cana-Soca 3,2015,315,11/10/2015,3.83,ET,WithoutStraw
Cana-Soca 3,2015,316,11/11/2015,3.83,ET,WithoutStraw
Cana-Soca 3,2015,317,11/12/2015,2.93,ET,WithoutStraw
Cana-Soca 3,2015,318,11/13/2015,3.96,ET,WithoutStraw
Cana-Soca 3,2015,319,11/14/2015,4.22,ET,WithoutStraw
Cana-Soca 3,2015,320,11/15/2015,3.15,ET,WithoutStraw
Cana-Soca 3,2015,321,11/16/2015,3.69,ET,WithoutStraw
Cana-Soca 3,2015,322,11/17/2015,5.44,ET,WithoutStraw
Cana-Soca 3,2015,323,11/18/2015,5.2,ET,WithoutStraw
Cana-Soca 3,2015,326,11/21/2015,5.28,ET,WithoutStraw
Cana-Soca 3,2015,330,11/25/2015,3.92,ET,WithoutStraw
Cana-Soca 3,2015,331,11/26/2015,4.97,ET,WithoutStraw
Cana-Soca 3,2015,332,11/27/2015,4.6,ET,WithoutStraw
Cana-Soca 3,2015,334,11/29/2015,3.17,ET,WithoutStraw
Cana-Soca 3,2015,335,11/30/2015,3.46,ET,WithoutStraw
Cana-Soca 3,2015,336,12/1/2015,4.58,ET,WithoutStraw
Cana-Soca 3,2015,338,12/3/2015,3.81,ET,WithoutStraw
Cana-Soca 3,2015,342,12/7/2015,4.2,ET,WithoutStraw
Cana-Soca 3,2015,343,12/8/2015,2.96,ET,WithoutStraw
Cana-Soca 3,2015,350,12/15/2015,2.57,ET,WithoutStraw
Cana-Soca 3,2015,351,12/16/2015,5,ET,WithoutStraw
Cana-Soca 3,2015,353,12/18/2015,4.12,ET,WithoutStraw
Cana-Soca 3,2015,354,12/19/2015,2.43,ET,WithoutStraw
Cana-Soca 3,2015,355,12/20/2015,3.79,ET,WithoutStraw
Cana-Soca 3,2015,356,12/21/2015,4.91,ET,WithoutStraw
Cana-Soca 3,2015,358,12/23/2015,3.68,ET,WithoutStraw
Cana-Soca 3,2015,359,12/24/2015,2.63,ET,WithoutStraw
Cana-Soca 3,2015,360,12/25/2015,3.16,ET,WithoutStraw
Cana-Soca 3,2015,361,12/26/2015,2.25,ET,WithoutStraw
Cana-Soca 3,2015,362,12/27/2015,2.21,ET,WithoutStraw
Cana-Soca 3,2015,365,12/30/2015,3.14,ET,WithoutStraw
Cana-Soca 3,2016,1,12/31/2015,3.68,ET,WithoutStraw
Cana-Soca 3,2016,2,1/1/2016,3.49,ET,WithoutStraw
Cana-Soca 3,2016,3,1/2/2016,2.1,ET,WithoutStraw
Cana-Soca 3,2016,4,1/3/2016,2.57,ET,WithoutStraw
Cana-Soca 3,2016,5,1/4/2016,4.88,ET,WithoutStraw
Cana-Soca 3,2016,6,1/5/2016,4.75,ET,WithoutStraw
Cana-Soca 3,2016,7,1/6/2016,4.49,ET,WithoutStraw
Cana-Soca 3,2016,8,1/7/2016,3.96,ET,WithoutStraw
Cana-Soca 3,2016,16,1/15/2016,3.99,ET,WithoutStraw
Cana-Soca 3,2016,17,1/16/2016,4.37,ET,WithoutStraw
Cana-Soca 3,2016,18,1/17/2016,2.97,ET,WithoutStraw
Cana-Soca 3,2016,19,1/18/2016,2.61,ET,WithoutStraw
Cana-Soca 3,2016,20,1/19/2016,3.55,ET,WithoutStraw
Cana-Soca 3,2016,22,1/21/2016,4.31,ET,WithoutStraw
Cana-Soca 3,2016,23,1/22/2016,3.86,ET,WithoutStraw
Cana-Soca 3,2016,26,1/25/2016,4.34,ET,WithoutStraw
Cana-Soca 3,2016,28,1/27/2016,4.43,ET,WithoutStraw
Cana-Soca 3,2016,31,1/30/2016,4.87,ET,WithoutStraw
Cana-Soca 3,2016,32,1/31/2016,4.14,ET,WithoutStraw
Cana-Soca 3,2016,33,2/1/2016,4.38,ET,WithoutStraw
Cana-Soca 3,2016,34,2/2/2016,4.25,ET,WithoutStraw
Cana-Soca 3,2016,37,2/5/2016,2.33,ET,WithoutStraw
Cana-Soca 3,2016,38,2/6/2016,3.59,ET,WithoutStraw
Cana-Soca 3,2016,39,2/7/2016,4.03,ET,WithoutStraw
Cana-Soca 3,2016,40,2/8/2016,3.7,ET,WithoutStraw
Cana-Soca 3,2016,41,2/9/2016,3.58,ET,WithoutStraw
Cana-Soca 3,2016,42,2/10/2016,3.44,ET,WithoutStraw
Cana-Soca 3,2016,43,2/11/2016,3.32,ET,WithoutStraw
Cana-Soca 3,2016,44,2/12/2016,3.36,ET,WithoutStraw
Cana-Soca 3,2016,45,2/13/2016,3.18,ET,WithoutStraw
Cana-Soca 3,2016,46,2/14/2016,2.82,ET,WithoutStraw
Cana-Soca 3,2016,47,2/15/2016,2.79,ET,WithoutStraw
Cana-Soca 3,2016,49,2/17/2016,3.57,ET,WithoutStraw
Cana-Soca 3,2016,50,2/18/2016,3.58,ET,WithoutStraw
Cana-Soca 3,2016,51,2/19/2016,3.2,ET,WithoutStraw
Cana-Soca 3,2016,54,2/22/2016,1.58,ET,WithoutStraw
Cana-Soca 3,2016,64,3/3/2016,2.66,ET,WithoutStraw
Cana-Soca 3,2016,68,3/7/2016,3.11,ET,WithoutStraw
Cana-Soca 3,2016,69,3/8/2016,3.04,ET,WithoutStraw
Cana-Soca 3,2016,74,3/13/2016,2.87,ET,WithoutStraw
Cana-Soca 3,2016,77,3/16/2016,2.84,ET,WithoutStraw
Cana-Soca 3,2016,78,3/17/2016,3,ET,WithoutStraw
Cana-Soca 1,2014,22,1/22/2014,6.37,ET,WithStraw
Cana-Soca 1,2014,23,1/23/2014,8.63,ET,WithStraw
Cana-Soca 1,2014,25,1/25/2014,8.65,ET,WithStraw
Cana-Soca 1,2014,26,1/26/2014,7.58,ET,WithStraw
Cana-Soca 1,2014,29,1/29/2014,8.42,ET,WithStraw
Cana-Soca 1,2014,30,1/30/2014,8.42,ET,WithStraw
Cana-Soca 1,2014,32,2/1/2014,8.6,ET,WithStraw
Cana-Soca 1,2014,33,2/2/2014,8.09,ET,WithStraw
Cana-Soca 1,2014,34,2/3/2014,8.49,ET,WithStraw
Cana-Soca 1,2014,35,2/4/2014,8.41,ET,WithStraw
Cana-Soca 1,2014,61,3/2/2014,7.5,ET,WithStraw
Cana-Soca 1,2014,62,3/3/2014,6.95,ET,WithStraw
Cana-Soca 1,2014,63,3/4/2014,8.42,ET,WithStraw
Cana-Soca 1,2014,76,3/17/2014,5.98,ET,WithStraw
Cana-Soca 1,2014,79,3/20/2014,5.59,ET,WithStraw
Cana-Soca 1,2014,82,3/23/2014,6.94,ET,WithStraw
Cana-Soca 1,2014,120,4/30/2014,3.1,ET,WithStraw
Cana-Soca 1,2014,121,5/1/2014,2.55,ET,WithStraw
Cana-Soca 1,2014,122,5/2/2014,2.44,ET,WithStraw
Cana-Soca 1,2014,123,5/3/2014,3.01,ET,WithStraw
Cana-Soca 1,2014,124,5/4/2014,3.22,ET,WithStraw
Cana-Soca 1,2014,125,5/5/2014,3.3,ET,WithStraw
Cana-Soca 1,2014,128,5/8/2014,3.33,ET,WithStraw
Cana-Soca 1,2014,129,5/9/2014,2.87,ET,WithStraw
Cana-Soca 1,2014,130,5/10/2014,5.05,ET,WithStraw
Cana-Soca 1,2014,131,5/11/2014,4.94,ET,WithStraw
Cana-Soca 1,2014,133,5/13/2014,2.7,ET,WithStraw
Cana-Soca 1,2014,134,5/14/2014,2.42,ET,WithStraw
Cana-Soca 1,2014,135,5/15/2014,2.77,ET,WithStraw
Cana-Soca 1,2014,136,5/16/2014,2.9,ET,WithStraw
Cana-Soca 1,2014,137,5/17/2014,3.41,ET,WithStraw
Cana-Soca 1,2014,138,5/18/2014,2.1,ET,WithStraw
Cana-Soca 1,2014,139,5/19/2014,3.03,ET,WithStraw
Cana-Soca 1,2014,140,5/20/2014,3.22,ET,WithStraw
Cana-Soca 1,2014,141,5/21/2014,2.7,ET,WithStraw
Cana-Soca 1,2014,150,5/30/2014,5.17,ET,WithStraw
Cana-Soca 1,2014,151,5/31/2014,3.65,ET,WithStraw
Cana-Soca 1,2014,153,6/2/2014,3.05,ET,WithStraw
Cana-Soca 1,2014,155,6/4/2014,4.77,ET,WithStraw
Cana-Soca 1,2014,156,6/5/2014,3.5,ET,WithStraw
Cana-Soca 1,2014,158,6/7/2014,3.7,ET,WithStraw
Cana-Soca 1,2014,159,6/8/2014,4.2,ET,WithStraw
Cana-Soca 1,2014,160,6/9/2014,3.77,ET,WithStraw
Cana-Soca 1,2014,161,6/10/2014,3.52,ET,WithStraw
Cana-Soca 1,2014,162,6/11/2014,4.93,ET,WithStraw
Cana-Soca 1,2014,163,6/12/2014,4.72,ET,WithStraw
Cana-Soca 1,2014,164,6/13/2014,4.6,ET,WithStraw
Cana-Soca 1,2014,165,6/14/2014,4.07,ET,WithStraw
Cana-Soca 1,2014,166,6/15/2014,4.17,ET,WithStraw
Cana-Soca 1,2014,167,6/16/2014,4.17,ET,WithStraw
Cana-Soca 1,2014,168,6/17/2014,4.69,ET,WithStraw
Cana-Soca 1,2014,169,6/18/2014,4.11,ET,WithStraw
Cana-Soca 1,2014,172,6/21/2014,4.21,ET,WithStraw
Cana-Soca 1,2014,174,6/23/2014,3.6,ET,WithStraw
Cana-Soca 2,2014,247,9/3/2014,3.75,ET,WithStraw
Cana-Soca 2,2014,248,9/4/2014,4.82,ET,WithStraw
Cana-Soca 2,2014,284,10/10/2014,4.09,ET,WithStraw
Cana-Soca 2,2014,285,10/11/2014,3.79,ET,WithStraw
Cana-Soca 2,2014,287,10/13/2014,4.05,ET,WithStraw
Cana-Soca 2,2014,288,10/14/2014,4.31,ET,WithStraw
Cana-Soca 2,2014,289,10/15/2014,3.97,ET,WithStraw
Cana-Soca 2,2014,290,10/16/2014,3.64,ET,WithStraw
Cana-Soca 2,2014,291,10/17/2014,4.16,ET,WithStraw
Cana-Soca 2,2014,293,10/19/2014,2.04,ET,WithStraw
Cana-Soca 2,2014,296,10/22/2014,3.13,ET,WithStraw
Cana-Soca 2,2014,299,10/25/2014,4.34,ET,WithStraw
Cana-Soca 2,2014,310,11/5/2014,5.95,ET,WithStraw
Cana-Soca 2,2014,313,11/8/2014,5.05,ET,WithStraw
Cana-Soca 2,2014,314,11/9/2014,6.01,ET,WithStraw
Cana-Soca 2,2014,315,11/10/2014,5.78,ET,WithStraw
Cana-Soca 2,2014,316,11/11/2014,2.31,ET,WithStraw
Cana-Soca 2,2014,318,11/13/2014,3.76,ET,WithStraw
Cana-Soca 2,2014,319,11/14/2014,4.17,ET,WithStraw
Cana-Soca 2,2014,320,11/15/2014,4.28,ET,WithStraw
Cana-Soca 2,2014,321,11/16/2014,4.61,ET,WithStraw
Cana-Soca 2,2014,322,11/17/2014,4.28,ET,WithStraw
Cana-Soca 2,2014,323,11/18/2014,6.25,ET,WithStraw
Cana-Soca 2,2014,324,11/19/2014,2.38,ET,WithStraw
Cana-Soca 2,2014,325,11/20/2014,6.21,ET,WithStraw
Cana-Soca 2,2014,332,11/27/2014,4.34,ET,WithStraw
Cana-Soca 2,2014,333,11/28/2014,3.31,ET,WithStraw
Cana-Soca 2,2014,334,11/29/2014,5.63,ET,WithStraw
Cana-Soca 2,2014,336,12/1/2014,7.69,ET,WithStraw
Cana-Soca 2,2014,337,12/2/2014,6.58,ET,WithStraw
Cana-Soca 2,2014,338,12/3/2014,4.34,ET,WithStraw
Cana-Soca 2,2014,352,12/17/2014,8.4,ET,WithStraw
Cana-Soca 2,2014,359,12/24/2014,7.88,ET,WithStraw
Cana-Soca 2,2014,360,12/25/2014,8.23,ET,WithStraw
Cana-Soca 2,2014,361,12/26/2014,8.42,ET,WithStraw
Cana-Soca 2,2015,8,1/7/2015,7.01,ET,WithStraw
Cana-Soca 2,2015,11,1/10/2015,7.16,ET,WithStraw
Cana-Soca 2,2015,28,1/27/2015,3.52,ET,WithStraw
Cana-Soca 2,2015,31,1/30/2015,5.84,ET,WithStraw
Cana-Soca 2,2015,32,1/31/2015,7.11,ET,WithStraw
Cana-Soca 2,2015,38,2/6/2015,3.87,ET,WithStraw
Cana-Soca 2,2015,39,2/7/2015,4.52,ET,WithStraw
Cana-Soca 2,2015,40,2/8/2015,3.24,ET,WithStraw
Cana-Soca 2,2015,51,2/19/2015,3.43,ET,WithStraw
Cana-Soca 2,2015,53,2/21/2015,4.55,ET,WithStraw
Cana-Soca 2,2015,54,2/22/2015,5.37,ET,WithStraw
Cana-Soca 2,2015,55,2/23/2015,5.61,ET,WithStraw
Cana-Soca 2,2015,60,2/28/2015,4.2,ET,WithStraw
Cana-Soca 2,2015,61,3/1/2015,4.9,ET,WithStraw
Cana-Soca 2,2015,62,3/2/2015,3.81,ET,WithStraw
Cana-Soca 2,2015,86,3/26/2015,3.04,ET,WithStraw
Cana-Soca 2,2015,90,3/30/2015,4.04,ET,WithStraw
Cana-Soca 2,2015,106,4/15/2015,2.26,ET,WithStraw
Cana-Soca 2,2015,108,4/17/2015,2.81,ET,WithStraw
Cana-Soca 2,2015,110,4/19/2015,3.82,ET,WithStraw
Cana-Soca 2,2015,111,4/20/2015,2.94,ET,WithStraw
Cana-Soca 2,2015,123,5/2/2015,2.97,ET,WithStraw
Cana-Soca 2,2015,125,5/4/2015,2.45,ET,WithStraw
Cana-Soca 3,2015,272,9/28/2015,0.84,ET,WithStraw
Cana-Soca 3,2015,273,9/29/2015,2.08,ET,WithStraw
Cana-Soca 3,2015,274,9/30/2015,2.5,ET,WithStraw
Cana-Soca 3,2015,275,10/1/2015,2.48,ET,WithStraw
Cana-Soca 3,2015,276,10/2/2015,1.87,ET,WithStraw
Cana-Soca 3,2015,277,10/3/2015,1.42,ET,WithStraw
Cana-Soca 3,2015,278,10/4/2015,3.24,ET,WithStraw
Cana-Soca 3,2015,279,10/5/2015,3.15,ET,WithStraw
Cana-Soca 3,2015,280,10/6/2015,3.17,ET,WithStraw
Cana-Soca 3,2015,281,10/7/2015,3.59,ET,WithStraw
Cana-Soca 3,2015,282,10/8/2015,2.91,ET,WithStraw
Cana-Soca 3,2015,283,10/9/2015,1.84,ET,WithStraw
Cana-Soca 3,2015,284,10/10/2015,1.76,ET,WithStraw
Cana-Soca 3,2015,285,10/11/2015,2.15,ET,WithStraw
Cana-Soca 3,2015,286,10/12/2015,2.81,ET,WithStraw
Cana-Soca 3,2015,287,10/13/2015,3.21,ET,WithStraw
Cana-Soca 3,2015,288,10/14/2015,3.83,ET,WithStraw
Cana-Soca 3,2015,290,10/16/2015,3.36,ET,WithStraw
Cana-Soca 3,2015,291,10/17/2015,2.68,ET,WithStraw
Cana-Soca 3,2015,292,10/18/2015,2.92,ET,WithStraw
Cana-Soca 3,2015,293,10/19/2015,3.93,ET,WithStraw
Cana-Soca 3,2015,294,10/20/2015,3.06,ET,WithStraw
Cana-Soca 3,2015,295,10/21/2015,2.59,ET,WithStraw
Cana-Soca 3,2015,296,10/22/2015,2.32,ET,WithStraw
Cana-Soca 3,2015,297,10/23/2015,4.43,ET,WithStraw
Cana-Soca 3,2015,298,10/24/2015,3.9,ET,WithStraw
Cana-Soca 3,2015,299,10/25/2015,3.51,ET,WithStraw
Cana-Soca 3,2015,300,10/26/2015,2.49,ET,WithStraw
Cana-Soca 3,2015,301,10/27/2015,1.47,ET,WithStraw
Cana-Soca 3,2015,302,10/28/2015,4.27,ET,WithStraw
Cana-Soca 3,2015,303,10/29/2015,5.06,ET,WithStraw
Cana-Soca 3,2015,304,10/30/2015,2.02,ET,WithStraw
Cana-Soca 3,2015,305,10/31/2015,0.6,ET,WithStraw
Cana-Soca 3,2015,306,11/1/2015,1.96,ET,WithStraw
Cana-Soca 3,2015,308,11/3/2015,1.64,ET,WithStraw
Cana-Soca 3,2015,309,11/4/2015,1.55,ET,WithStraw
Cana-Soca 3,2015,311,11/6/2015,1.11,ET,WithStraw
Cana-Soca 3,2015,329,11/24/2015,2.12,ET,WithStraw
Cana-Soca 3,2015,330,11/25/2015,2.7,ET,WithStraw
Cana-Soca 3,2015,336,12/1/2015,1.85,ET,WithStraw
Cana-Soca 3,2015,337,12/2/2015,2.15,ET,WithStraw
Cana-Soca 3,2015,338,12/3/2015,1.61,ET,WithStraw
Cana-Soca 3,2015,340,12/5/2015,1.19,ET,WithStraw
Cana-Soca 3,2015,341,12/6/2015,0.24,ET,WithStraw
Cana-Soca 3,2015,342,12/7/2015,0.84,ET,WithStraw
Cana-Soca 3,2015,344,12/9/2015,3.75,ET,WithStraw
Cana-Soca 3,2015,347,12/12/2015,4.38,ET,WithStraw
Cana-Soca 3,2015,350,12/15/2015,3.81,ET,WithStraw
Cana-Soca 3,2015,351,12/16/2015,3.78,ET,WithStraw
Cana-Soca 3,2015,354,12/19/2015,2.6,ET,WithStraw
Cana-Soca 3,2015,355,12/20/2015,2.57,ET,WithStraw
Cana-Soca 3,2015,356,12/21/2015,2.56,ET,WithStraw
Cana-Soca 3,2015,357,12/22/2015,2.49,ET,WithStraw
Cana-Soca 3,2015,364,12/29/2015,1.5,ET,WithStraw
Cana-Soca 3,2015,365,12/30/2015,3.56,ET,WithStraw
Cana-Soca 3,2016,1,12/31/2015,1.47,ET,WithStraw
Cana-Soca 3,2016,2,1/1/2016,1.29,ET,WithStraw
Cana-Soca 3,2016,3,1/2/2016,1.64,ET,WithStraw
Cana-Soca 3,2016,4,1/3/2016,2.6,ET,WithStraw
Cana-Soca 3,2016,5,1/4/2016,2.23,ET,WithStraw
Cana-Soca 3,2016,6,1/5/2016,2.39,ET,WithStraw
Cana-Soca 3,2016,7,1/6/2016,2.26,ET,WithStraw
Cana-Soca 3,2016,12,1/11/2016,0.62,ET,WithStraw
Cana-Soca 3,2016,13,1/12/2016,1.31,ET,WithStraw
Cana-Soca 3,2016,15,1/14/2016,1.76,ET,WithStraw
Cana-Soca 3,2016,17,1/16/2016,2.11,ET,WithStraw
Cana-Soca 3,2016,18,1/17/2016,1.96,ET,WithStraw
Cana-Soca 3,2016,19,1/18/2016,1.96,ET,WithStraw
Cana-Soca 3,2016,23,1/22/2016,3.1,ET,WithStraw
Cana-Soca 3,2016,24,1/23/2016,3.19,ET,WithStraw
Cana-Soca 3,2016,25,1/24/2016,4.15,ET,WithStraw
Cana-Soca 3,2016,27,1/26/2016,3.54,ET,WithStraw
Cana-Soca 3,2016,30,1/29/2016,3.27,ET,WithStraw
Cana-Soca 3,2016,31,1/30/2016,2.68,ET,WithStraw
Cana-Soca 3,2016,32,1/31/2016,2.58,ET,WithStraw
Cana-Soca 3,2016,33,2/1/2016,4.13,ET,WithStraw
Cana-Soca 3,2016,34,2/2/2016,3.41,ET,WithStraw
Cana-Soca 3,2016,35,2/3/2016,2.95,ET,WithStraw
Cana-Soca 3,2016,36,2/4/2016,2.56,ET,WithStraw
Cana-Soca 3,2016,37,2/5/2016,3.6,ET,WithStraw
Cana-Soca 3,2016,38,2/6/2016,3.98,ET,WithStraw
Cana-Soca 3,2016,39,2/7/2016,3.87,ET,WithStraw
Cana-Soca 3,2016,40,2/8/2016,3.86,ET,WithStraw
Cana-Soca 3,2016,41,2/9/2016,3.5,ET,WithStraw
Cana-Soca 3,2016,42,2/10/2016,3.63,ET,WithStraw
Cana-Soca 3,2016,43,2/11/2016,3.71,ET,WithStraw
Cana-Soca 3,2016,44,2/12/2016,3.25,ET,WithStraw
Cana-Soca 3,2016,45,2/13/2016,3.27,ET,WithStraw
Cana-Soca 3,2016,46,2/14/2016,2.39,ET,WithStraw
Cana-Soca 3,2016,47,2/15/2016,2.99,ET,WithStraw
Cana-Soca 3,2016,48,2/16/2016,3.63,ET,WithStraw
Cana-Soca 3,2016,49,2/17/2016,3.68,ET,WithStraw
Cana-Soca 3,2016,50,2/18/2016,3.8,ET,WithStraw
Cana-Soca 3,2016,53,2/21/2016,1.34,ET,WithStraw
Cana-Soca 3,2016,54,2/22/2016,1.91,ET,WithStraw
Cana-Soca 3,2016,55,2/23/2016,2.56,ET,WithStraw
Cana-Soca 3,2016,56,2/24/2016,3.08,ET,WithStraw
Cana-Soca 3,2016,57,2/25/2016,1.71,ET,WithStraw
Cana-Soca 3,2016,58,2/26/2016,1.57,ET,WithStraw
Cana-Soca 3,2016,59,2/27/2016,1.58,ET,WithStraw
Cana-Soca 3,2016,61,2/29/2016,1.53,ET,WithStraw
Cana-Soca 3,2016,63,3/2/2016,2.61,ET,WithStraw
Cana-Soca 3,2016,64,3/3/2016,3.14,ET,WithStraw
Cana-Soca 3,2016,65,3/4/2016,2.66,ET,WithStraw
Cana-Soca 3,2016,66,3/5/2016,2.67,ET,WithStraw
Cana-Soca 3,2016,67,3/6/2016,3.06,ET,WithStraw
Cana-Soca 3,2016,68,3/7/2016,3.02,ET,WithStraw
Cana-Soca 3,2016,69,3/8/2016,2.48,ET,WithStraw
Cana-Soca 3,2016,71,3/10/2016,2.95,ET,WithStraw
Cana-Soca 3,2016,72,3/11/2016,2.19,ET,WithStraw
Cana-Soca 3,2016,73,3/12/2016,2.87,ET,WithStraw
Cana-Soca 3,2016,74,3/13/2016,2,ET,WithStraw
Cana-Soca 3,2016,75,3/14/2016,2.35,ET,WithStraw
Cana-Soca 3,2016,76,3/15/2016,2.79,ET,WithStraw
Cana-Soca 3,2016,77,3/16/2016,2.95,ET,WithStraw
Cana-Soca 3,2016,78,3/17/2016,2.31,ET,WithStraw
Cana-Soca 3,2016,79,3/18/2016,1.94,ET,WithStraw
Cana-Soca 3,2016,80,3/19/2016,2.05,ET,WithStraw
Cana-Soca 3,2016,81,3/20/2016,1.31,ET,WithStraw
Cana-Soca 3,2016,82,3/21/2016,2.83,ET,WithStraw
Cana-Soca 3,2016,83,3/22/2016,2.24,ET,WithStraw
Cana-Soca 3,2016,84,3/23/2016,1.1,ET,WithStraw
Cana-Soca 3,2016,85,3/24/2016,1.92,ET,WithStraw
Cana-Soca 3,2016,86,3/25/2016,1.7,ET,WithStraw
Cana-Soca 3,2016,87,3/26/2016,2.47,ET,WithStraw
Cana-Soca 3,2016,88,3/27/2016,1.52,ET,WithStraw
Cana-Soca 3,2016,89,3/28/2016,1.66,ET,WithStraw
Cana-Soca 3,2016,90,3/29/2016,1.89,ET,WithStraw
Cana-Soca 3,2016,91,3/30/2016,2.14,ET,WithStraw
Cana-Soca 3,2016,92,3/31/2016,2.12,ET,WithStraw
Cana-Soca 3,2016,93,4/1/2016,1.91,ET,WithStraw
Cana-Soca 3,2016,94,4/2/2016,2.4,ET,WithStraw
Cana-Soca 3,2016,95,4/3/2016,2.1,ET,WithStraw
Cana-Soca 3,2016,96,4/4/2016,1.53,ET,WithStraw
Cana-Soca 3,2016,97,4/5/2016,1.92,ET,WithStraw
Cana-Soca 3,2016,98,4/6/2016,1.8,ET,WithStraw
